time,city,temperature,humidity,condition,aqi,pm25,pm10,co,no2
2026-06-03 19:53:21,Delhi,35.84,24,Clear,4,60.53,77.76,673.07,15.02
2026-06-03 19:53:22,Mumbai,29.86,72,Clear,1,3.65,10.1,75.96,0.06
2026-06-03 19:53:22,Hyderabad,29.55,52,Clouds,1,6.23,8.8,179.43,9.99
2026-06-03 19:53:23,Chennai,30.9,73,Clouds,2,24.06,32.15,485.3,21.5
2026-06-03 19:53:24,Bangalore,20.92,90,Clouds,1,6.67,10.04,230.82,11.23
2026-06-03 19:53:25,Kolkata,30.15,75,Clear,5,75.66,100.39,296.6,2
2026-06-03 19:53:25,Vijayawada,33.26,47,Clouds,2,14.52,16.02,197.63,3.31
2026-06-03 19:53:26,Pune,26.89,49,Clear,1,1.66,2.84,85.02,1.83
2026-06-03 19:53:27,Ahmedabad,32.58,54,Clouds,2,12.05,46.02,115.2,3.47
2026-06-03 19:53:28,Jaipur,33.11,29,Clear,3,25.17,56.2,191.25,3.62
2026-06-03 19:58:29,Delhi,35.84,24,Clear,4,60.53,77.76,673.07,15.02
2026-06-03 19:58:29,Mumbai,29.86,72,Clear,1,3.65,10.1,75.96,0.06
2026-06-03 19:58:30,Hyderabad,29.55,52,Clouds,1,6.23,8.8,179.43,9.99
2026-06-03 19:58:30,Chennai,30.9,73,Clouds,2,24.06,32.15,485.3,21.5
2026-06-03 19:58:31,Bangalore,20.78,91,Clouds,1,6.67,10.04,230.82,11.23
2026-06-03 19:58:32,Kolkata,30.15,75,Clear,5,75.66,100.39,296.6,2
2026-06-03 19:58:32,Vijayawada,33.26,47,Clouds,2,14.52,16.02,197.63,3.31
2026-06-03 19:58:33,Pune,26.89,49,Clear,1,1.66,2.84,85.02,1.83
2026-06-03 19:58:33,Ahmedabad,32.58,54,Clouds,2,12.05,46.02,115.2,3.47
2026-06-03 19:58:34,Jaipur,33.11,29,Clear,3,25.17,56.2,191.25,3.62
2026-06-03 20:03:35,Delhi,35.84,24,Clear,4,60.53,77.76,673.07,15.02
2026-06-03 20:03:35,Mumbai,29.86,72,Clear,1,3.65,10.1,75.96,0.06
2026-06-03 20:03:36,Hyderabad,29.55,52,Clouds,1,6.23,8.8,179.43,9.99
2026-06-03 20:03:37,Chennai,30.9,73,Clouds,2,24.06,32.15,485.3,21.5
2026-06-03 20:03:38,Bangalore,20.78,91,Clouds,1,6.67,10.04,230.82,11.23
2026-06-03 20:03:38,Kolkata,30.15,75,Clear,5,75.66,100.39,296.6,2
2026-06-03 20:03:39,Vijayawada,33.26,47,Clouds,2,14.52,16.02,197.63,3.31
2026-06-03 20:03:40,Pune,27.45,50,Clear,1,1.66,2.84,85.02,1.83
2026-06-03 20:03:40,Ahmedabad,32.58,54,Clouds,2,12.05,46.02,115.2,3.47
2026-06-03 20:03:41,Jaipur,33.11,29,Clear,3,25.17,56.2,191.25,3.62
2026-06-03 20:08:42,Delhi,35.84,24,Clear,4,60.53,77.76,673.07,15.02
2026-06-03 20:08:43,Mumbai,29.86,72,Clear,1,3.65,10.1,75.96,0.06
2026-06-03 20:08:43,Hyderabad,29.55,52,Clouds,1,6.23,8.8,179.43,9.99
2026-06-03 20:08:44,Chennai,31.3,73,Clouds,2,24.06,32.15,485.3,21.5
2026-06-03 20:08:44,Bangalore,20.57,91,Clouds,1,6.67,10.04,230.82,11.23
2026-06-03 20:08:45,Kolkata,30.15,75,Clear,5,75.66,100.39,296.6,2
2026-06-03 20:08:45,Vijayawada,33.26,47,Clouds,2,14.52,16.02,197.63,3.31
2026-06-03 20:08:46,Pune,27.45,50,Clear,1,1.66,2.84,85.02,1.83
2026-06-03 20:08:47,Ahmedabad,32.58,54,Clouds,2,12.05,46.02,115.2,3.47
2026-06-03 20:08:47,Jaipur,33.11,29,Clear,3,25.17,56.2,191.25,3.62
2026-06-03 20:24:15,Delhi,35.84,24,Clear,4,60.53,77.76,673.07,15.02
2026-06-03 20:24:15,Mumbai,29.86,72,Clear,1,3.65,10.1,75.96,0.06
2026-06-03 20:24:16,Hyderabad,29.55,52,Clouds,1,6.23,8.8,179.43,9.99
2026-06-03 20:24:17,Chennai,31.3,72,Clouds,2,24.06,32.15,485.3,21.5
2026-06-03 20:24:18,Bangalore,20.57,91,Clouds,1,6.67,10.04,230.82,11.23
2026-06-03 20:24:18,Kolkata,30.15,75,Clear,5,75.66,100.39,296.6,2
2026-06-03 20:24:19,Vijayawada,33.26,47,Clouds,2,14.52,16.02,197.63,3.31
2026-06-03 20:24:20,Pune,26.89,51,Clear,1,1.66,2.84,85.02,1.83
2026-06-03 20:24:20,Ahmedabad,32.58,54,Clouds,2,12.05,46.02,115.2,3.47
2026-06-03 20:24:21,Jaipur,33.11,29,Clear,3,25.17,56.2,191.25,3.62
2026-06-03 20:41:18,Delhi,34.89,27,Clear,4,60.75,77.98,675.99,13.31
2026-06-03 20:41:18,Mumbai,29.67,72,Clear,1,3.78,10.21,75.86,0.06
2026-06-03 20:41:19,Hyderabad,29.06,53,Clouds,1,5.69,8.39,182.56,9.81
2026-06-03 20:41:20,Chennai,31.47,73,Clouds,2,22.14,29.63,460.92,19.57
2026-06-03 20:41:21,Bangalore,20.92,89,Clouds,1,6.59,9.79,221.68,10.16
2026-06-03 20:41:22,Kolkata,30.05,74,Clear,5,76.09,101.51,300.33,2.03
2026-06-03 20:41:22,Vijayawada,32.84,48,Clouds,2,14.02,15.61,192.06,3.31
2026-06-03 20:41:23,Pune,26.89,51,Clear,1,1.64,2.64,86.9,2.14
2026-06-03 20:41:24,Ahmedabad,31.58,58,Clouds,3,12.79,50.97,110.91,3.29
2026-06-03 20:41:24,Jaipur,31.36,34,Clear,3,24.23,54.94,186.71,3.33
2026-06-03 20:46:25,Delhi,34.89,27,Clear,4,60.75,77.98,675.99,13.31
2026-06-03 20:46:26,Mumbai,29.67,72,Clear,1,3.78,10.21,75.86,0.06
2026-06-03 20:46:26,Hyderabad,29.06,53,Clouds,1,5.69,8.39,182.56,9.81
2026-06-03 20:46:27,Chennai,31.3,73,Clouds,2,22.14,29.63,460.92,19.57
2026-06-03 20:46:27,Bangalore,20.92,89,Clouds,1,6.59,9.79,221.68,10.16
2026-06-03 20:46:28,Kolkata,30.05,74,Clear,5,76.09,101.51,300.33,2.03
2026-06-03 20:46:28,Vijayawada,32.84,48,Clouds,2,14.02,15.61,192.06,3.31
2026-06-03 20:46:29,Pune,26.34,51,Clear,1,1.64,2.64,86.9,2.14
2026-06-03 20:46:29,Ahmedabad,31.58,58,Clouds,3,12.79,50.97,110.91,3.29
2026-06-03 20:46:30,Jaipur,31.36,34,Clear,3,24.23,54.94,186.71,3.33
2026-06-03 20:51:30,Delhi,34.89,27,Clear,4,60.75,77.98,675.99,13.31
2026-06-03 20:51:31,Mumbai,29.67,72,Clear,1,3.78,10.21,75.86,0.06
2026-06-03 20:51:32,Hyderabad,29.06,53,Clouds,1,5.69,8.39,182.56,9.81
2026-06-03 20:51:33,Chennai,31.3,73,Clouds,2,22.14,29.63,460.92,19.57
2026-06-03 20:51:33,Bangalore,20.85,89,Clouds,1,6.59,9.79,221.68,10.16
2026-06-03 20:51:34,Kolkata,30.05,74,Clear,5,76.09,101.51,300.33,2.03
2026-06-03 20:51:35,Vijayawada,32.84,48,Clouds,2,14.02,15.61,192.06,3.31
2026-06-03 20:51:36,Pune,26.34,51,Clear,1,1.64,2.64,86.9,2.14
2026-06-03 20:51:36,Ahmedabad,31.58,58,Clouds,3,12.79,50.97,110.91,3.29
2026-06-03 20:51:37,Jaipur,31.36,34,Clear,3,24.23,54.94,186.71,3.33
2026-06-03 21:12:02,Delhi,34.89,27,Clear,4,60.75,77.98,675.99,13.31
2026-06-03 21:12:03,Mumbai,29.67,72,Clear,1,3.78,10.21,75.86,0.06
2026-06-03 21:12:03,Hyderabad,29.06,53,Clouds,1,5.69,8.39,182.56,9.81
2026-06-03 21:12:04,Chennai,31.46,72,Clouds,2,22.14,29.63,460.92,19.57
2026-06-03 21:12:04,Bangalore,20.85,90,Clouds,1,6.59,9.79,221.68,10.16
2026-06-03 21:12:05,Kolkata,30.05,74,Clear,5,76.09,101.51,300.33,2.03
2026-06-03 21:12:06,Vijayawada,32.84,48,Clouds,2,14.02,15.61,192.06,3.31
2026-06-03 21:12:07,Pune,26.34,50,Clear,1,1.64,2.64,86.9,2.14
2026-06-03 21:12:07,Ahmedabad,31.58,58,Clouds,3,12.79,50.97,110.91,3.29
2026-06-03 21:12:08,Jaipur,31.36,34,Clear,3,24.23,54.94,186.71,3.33
2026-06-03 21:17:09,Delhi,34.89,27,Clear,4,60.75,77.98,675.99,13.31
2026-06-03 21:17:09,Mumbai,29.67,72,Clear,1,3.78,10.21,75.86,0.06
2026-06-03 21:17:10,Hyderabad,29.06,53,Clouds,1,5.69,8.39,182.56,9.81
2026-06-03 21:17:10,Chennai,31.46,72,Clouds,2,22.14,29.63,460.92,19.57
2026-06-03 21:17:11,Bangalore,20.85,90,Clouds,1,6.59,9.79,221.68,10.16
2026-06-03 21:17:11,Kolkata,30.05,74,Clear,5,76.09,101.51,300.33,2.03
2026-06-03 21:17:12,Vijayawada,32.84,48,Clouds,2,14.02,15.61,192.06,3.31
2026-06-03 21:17:12,Pune,26.34,50,Clear,1,1.64,2.64,86.9,2.14
2026-06-03 21:17:13,Ahmedabad,31.58,58,Clouds,3,12.79,50.97,110.91,3.29
2026-06-03 21:17:13,Jaipur,31.36,34,Clear,3,24.23,54.94,186.71,3.33
2026-06-03 21:37:08,Delhi,34.13,28,Clear,4,59.79,76.91,666.84,11.89
2026-06-03 21:37:08,Mumbai,29.61,73,Clear,1,3.9,10.22,75.78,0.06
2026-06-03 21:37:09,Hyderabad,28.59,54,Clouds,1,5.27,8.13,185.24,9.82
2026-06-03 21:37:09,Chennai,31.46,72,Clouds,2,19.86,26.77,433.17,17.97
2026-06-03 21:37:10,Bangalore,20.77,90,Clouds,1,6.65,9.78,216.33,9.52
2026-06-03 21:37:11,Kolkata,30.05,74,Clear,5,77.1,102.63,308.93,2.14
2026-06-03 21:37:11,Vijayawada,32.11,50,Clouds,2,13.34,15.03,188.5,3.28
2026-06-03 21:37:12,Pune,26.34,49,Clear,1,1.59,2.46,88.76,2.4
2026-06-03 21:37:12,Ahmedabad,31.58,58,Clouds,3,13.35,54.41,106.7,3.07
2026-06-03 21:37:13,Jaipur,31.36,34,Clear,3,22.94,52.97,180.51,3.06
2026-06-03 21:42:13,Delhi,34.13,28,Clear,4,59.79,76.91,666.84,11.89
2026-06-03 21:42:14,Mumbai,29.61,73,Clear,1,3.9,10.22,75.78,0.06
2026-06-03 21:42:14,Hyderabad,28.59,54,Clouds,1,5.27,8.13,185.24,9.82
2026-06-03 21:42:15,Chennai,31.46,72,Clouds,2,19.86,26.77,433.17,17.97
2026-06-03 21:42:16,Bangalore,20.77,90,Clouds,1,6.65,9.78,216.33,9.52
2026-06-03 21:42:16,Kolkata,29.84,76,Clear,5,77.1,102.63,308.93,2.14
2026-06-03 21:42:16,Vijayawada,32.11,50,Clouds,2,13.34,15.03,188.5,3.28
2026-06-03 21:42:17,Pune,26.34,49,Clear,1,1.59,2.46,88.76,2.4
2026-06-03 21:42:17,Ahmedabad,31.16,61,Clouds,3,13.35,54.41,106.7,3.07
2026-06-03 21:42:18,Jaipur,31.04,35,Clouds,3,22.94,52.97,180.51,3.06
2026-06-03 21:47:18,Delhi,34.13,28,Clear,4,59.79,76.91,666.84,11.89
2026-06-03 21:47:19,Mumbai,29.61,73,Clear,1,3.9,10.22,75.78,0.06
2026-06-03 21:47:20,Hyderabad,28.59,54,Clouds,1,5.27,8.13,185.24,9.82
2026-06-03 21:47:20,Chennai,31.29,71,Clouds,2,19.86,26.77,433.17,17.97
2026-06-03 21:47:21,Bangalore,20.77,90,Clouds,1,6.65,9.78,216.33,9.52
2026-06-03 21:47:21,Kolkata,29.84,76,Clear,5,77.1,102.63,308.93,2.14
2026-06-03 21:47:22,Vijayawada,32.11,50,Clouds,2,13.34,15.03,188.5,3.28
2026-06-03 21:47:22,Pune,26.34,49,Clear,1,1.59,2.46,88.76,2.4
2026-06-03 21:47:23,Ahmedabad,31.16,61,Clouds,3,13.35,54.41,106.7,3.07
2026-06-03 21:47:24,Jaipur,31.04,35,Clouds,3,22.94,52.97,180.51,3.06
2026-06-03 21:52:25,Delhi,34.13,28,Clear,4,59.79,76.91,666.84,11.89
2026-06-03 21:52:25,Mumbai,29.61,73,Clear,1,3.9,10.22,75.78,0.06
2026-06-03 21:52:26,Hyderabad,28.59,54,Clouds,1,5.27,8.13,185.24,9.82
2026-06-03 21:52:27,Chennai,31.29,71,Clouds,2,19.86,26.77,433.17,17.97
2026-06-03 21:52:27,Bangalore,20.77,90,Clouds,1,6.65,9.78,216.33,9.52
2026-06-03 21:52:28,Kolkata,29.84,76,Clear,5,77.1,102.63,308.93,2.14
2026-06-03 21:52:28,Vijayawada,32.11,50,Clouds,2,13.34,15.03,188.5,3.28
2026-06-03 21:52:28,Pune,26.34,49,Clear,1,1.59,2.46,88.76,2.4
2026-06-03 21:52:29,Ahmedabad,31.16,61,Clouds,3,13.35,54.41,106.7,3.07
2026-06-03 21:52:29,Jaipur,31.04,35,Clouds,3,22.94,52.97,180.51,3.06
2026-06-03 21:57:30,Delhi,34.13,28,Clear,4,59.79,76.91,666.84,11.89
2026-06-03 21:57:31,Mumbai,29.61,73,Clear,1,3.9,10.22,75.78,0.06
2026-06-03 21:57:31,Hyderabad,28.59,54,Clouds,1,5.27,8.13,185.24,9.82
2026-06-03 21:57:32,Chennai,31.29,71,Clouds,2,19.86,26.77,433.17,17.97
2026-06-03 21:57:32,Bangalore,20.77,90,Clouds,1,6.65,9.78,216.33,9.52
2026-06-03 21:57:33,Kolkata,29.84,76,Clear,5,77.1,102.63,308.93,2.14
2026-06-03 21:57:34,Vijayawada,32.11,50,Clouds,2,13.34,15.03,188.5,3.28
2026-06-03 21:57:34,Pune,26.34,49,Clear,1,1.59,2.46,88.76,2.4
2026-06-03 21:57:35,Ahmedabad,31.16,61,Clouds,3,13.35,54.41,106.7,3.07
2026-06-03 21:57:36,Jaipur,31.04,35,Clouds,3,22.94,52.97,180.51,3.06
2026-06-03 22:02:36,Delhi,34.13,28,Clear,4,59.79,76.91,666.84,11.89
2026-06-03 22:02:37,Mumbai,29.61,73,Clear,1,3.9,10.22,75.78,0.06
2026-06-03 22:02:37,Hyderabad,28.59,54,Clouds,1,5.27,8.13,185.24,9.82
2026-06-03 22:02:38,Chennai,31.29,71,Clouds,2,19.86,26.77,433.17,17.97
2026-06-03 22:02:38,Bangalore,20.77,90,Clouds,1,6.65,9.78,216.33,9.52
2026-06-03 22:02:39,Kolkata,29.84,76,Clear,5,77.1,102.63,308.93,2.14
2026-06-03 22:02:39,Vijayawada,32.11,50,Clouds,2,13.34,15.03,188.5,3.28
2026-06-03 22:02:40,Pune,26.34,49,Clear,1,1.59,2.46,88.76,2.4
2026-06-03 22:02:40,Ahmedabad,31.16,61,Clouds,3,13.35,54.41,106.7,3.07
2026-06-03 22:02:41,Jaipur,31.04,35,Clouds,3,22.94,52.97,180.51,3.06
2026-06-03 22:07:41,Delhi,34.13,28,Clear,4,59.79,76.91,666.84,11.89
2026-06-03 22:07:42,Mumbai,29.61,73,Clear,1,3.9,10.22,75.78,0.06
2026-06-03 22:07:43,Hyderabad,28.59,54,Clouds,1,5.27,8.13,185.24,9.82
2026-06-03 22:07:43,Chennai,31.29,71,Clouds,2,19.86,26.77,433.17,17.97
2026-06-03 22:07:44,Bangalore,20.77,90,Clouds,1,6.65,9.78,216.33,9.52
2026-06-03 22:07:44,Kolkata,29.84,76,Clear,5,77.1,102.63,308.93,2.14
2026-06-03 22:07:45,Vijayawada,32.11,50,Clouds,2,13.34,15.03,188.5,3.28
2026-06-03 22:07:46,Pune,26.34,49,Clear,1,1.59,2.46,88.76,2.4
2026-06-03 22:07:46,Ahmedabad,31.16,61,Clouds,3,13.35,54.41,106.7,3.07
2026-06-03 22:07:47,Jaipur,31.04,35,Clouds,3,22.94,52.97,180.51,3.06
2026-06-03 22:12:48,Delhi,34.13,28,Clear,4,59.79,76.91,666.84,11.89
2026-06-03 22:12:48,Mumbai,29.61,73,Clear,1,3.9,10.22,75.78,0.06
2026-06-03 22:12:48,Hyderabad,28.59,54,Clouds,1,5.27,8.13,185.24,9.82
2026-06-03 22:12:49,Chennai,31.29,71,Clouds,2,19.86,26.77,433.17,17.97
2026-06-03 22:12:50,Bangalore,20.77,90,Clouds,1,6.65,9.78,216.33,9.52
2026-06-03 22:12:50,Kolkata,29.84,76,Clear,5,77.1,102.63,308.93,2.14
2026-06-03 22:12:51,Vijayawada,32.11,50,Clouds,2,13.34,15.03,188.5,3.28
2026-06-03 22:12:51,Pune,26.34,49,Clear,1,1.59,2.46,88.76,2.4
2026-06-03 22:12:51,Ahmedabad,31.16,61,Clouds,3,13.35,54.41,106.7,3.07
2026-06-03 22:12:52,Jaipur,31.04,35,Clouds,3,22.94,52.97,180.51,3.06
2026-06-03 22:17:53,Delhi,34.13,28,Clear,4,59.79,76.91,666.84,11.89
2026-06-03 22:17:53,Mumbai,29.61,73,Clear,1,3.9,10.22,75.78,0.06
2026-06-03 22:17:54,Hyderabad,28.59,54,Clouds,1,5.27,8.13,185.24,9.82
2026-06-03 22:17:54,Chennai,31.29,70,Clouds,2,19.86,26.77,433.17,17.97
2026-06-03 22:17:55,Bangalore,20.77,90,Clouds,1,6.65,9.78,216.33,9.52
2026-06-03 22:17:55,Kolkata,29.84,76,Clear,5,77.1,102.63,308.93,2.14
2026-06-03 22:17:56,Vijayawada,32.11,50,Clouds,2,13.34,15.03,188.5,3.28
2026-06-03 22:17:57,Pune,26.34,49,Clear,1,1.59,2.46,88.76,2.4
2026-06-03 22:17:57,Ahmedabad,31.16,61,Clouds,3,13.35,54.41,106.7,3.07
2026-06-03 22:17:58,Jaipur,31.04,35,Clouds,3,22.94,52.97,180.51,3.06
2026-06-03 22:22:59,Delhi,34.13,28,Clear,4,59.79,76.91,666.84,11.89
2026-06-03 22:22:59,Mumbai,29.61,73,Clear,1,3.9,10.22,75.78,0.06
2026-06-03 22:23:00,Hyderabad,28.59,54,Clouds,1,5.27,8.13,185.24,9.82
2026-06-03 22:23:00,Chennai,31.29,70,Clouds,2,19.86,26.77,433.17,17.97
2026-06-03 22:23:01,Bangalore,20.77,90,Clouds,1,6.65,9.78,216.33,9.52
2026-06-03 22:23:02,Kolkata,29.84,76,Clear,5,77.1,102.63,308.93,2.14
2026-06-03 22:23:03,Vijayawada,32.11,50,Clouds,2,13.34,15.03,188.5,3.28
2026-06-03 22:23:03,Pune,26.34,49,Clear,1,1.59,2.46,88.76,2.4
2026-06-03 22:23:03,Ahmedabad,31.16,61,Clouds,3,13.35,54.41,106.7,3.07
2026-06-03 22:23:04,Jaipur,31.04,35,Clouds,3,22.94,52.97,180.51,3.06
2026-06-03 22:51:02,Delhi,33.68,29,Clear,4,58.63,75.71,657.59,10.95
2026-06-03 22:51:02,Mumbai,29.55,74,Clear,1,3.99,10.19,75.91,0.06
2026-06-03 22:51:03,Hyderabad,28.15,55,Clouds,1,4.94,7.93,187.81,10.07
2026-06-03 22:51:04,Chennai,31.31,68,Clouds,2,17.58,24.02,406.9,16.84
2026-06-03 22:51:04,Bangalore,20.7,90,Clouds,1,6.92,10.06,214.39,9.26
2026-06-03 22:51:05,Kolkata,29.74,78,Clear,5,78.13,103.58,318.95,2.29
2026-06-03 22:51:06,Vijayawada,31.64,52,Clouds,2,12.31,14.09,185.38,3.23
2026-06-03 22:51:07,Pune,26.34,50,Clouds,1,1.56,2.33,91.64,2.61
2026-06-03 22:51:07,Ahmedabad,30.86,62,Clouds,3,13.75,56.56,103.6,2.87
2026-06-03 22:51:08,Jaipur,28.48,48,Clouds,3,21.4,50.41,173.13,2.83
2026-06-03 23:22:52,Delhi,33.68,29,Clear,4,58.63,75.71,657.59,10.95
2026-06-03 23:22:52,Mumbai,29.55,74,Clear,1,3.99,10.19,75.91,0.06
2026-06-03 23:22:53,Hyderabad,28.15,55,Clouds,1,4.94,7.93,187.81,10.07
2026-06-03 23:22:55,Bangalore,20.22,92,Clouds,1,6.92,10.06,214.39,9.26
2026-06-03 23:22:56,Kolkata,29.74,78,Clear,5,78.13,103.58,318.95,2.29
2026-06-03 23:22:57,Vijayawada,31.64,52,Clouds,2,12.31,14.09,185.38,3.23
2026-06-03 23:22:58,Pune,26.34,54,Clouds,1,1.56,2.33,91.64,2.61
2026-06-03 23:22:59,Ahmedabad,30.86,62,Clouds,3,13.75,56.56,103.6,2.87
2026-06-03 23:22:59,Jaipur,28.48,48,Clouds,3,21.4,50.41,173.13,2.83
2026-06-03 23:54:41,Delhi,33.39,29,Clear,4,57.35,74.58,649.65,10.65
2026-06-03 23:54:43,Mumbai,29.5,74,Clear,1,4.05,10.13,75.95,0.07
2026-06-03 23:54:44,Hyderabad,27.77,59,Clouds,1,4.72,7.76,189.54,10.44
2026-06-04 00:09:46,Chennai,30.82,63,Clouds,2,15.46,21.48,379.57,16.08
2026-06-04 00:09:47,Bangalore,20.22,92,Clouds,1,7.24,10.43,213.79,9.18
2026-06-04 00:09:48,Kolkata,30.02,78,Clear,5,78.66,103.87,328.28,2.45
2026-06-04 00:09:48,Vijayawada,31.43,52,Clouds,2,11.14,13,183.53,3.28
2026-06-04 00:09:49,Pune,26.34,52,Clear,1,1.53,2.22,96.1,2.77
2026-06-04 00:09:49,Ahmedabad,30.73,62,Clear,3,13.99,57.58,101.7,2.77
2026-06-04 00:09:50,Jaipur,28.14,54,Clouds,2,19.72,47.31,166.39,2.75
2026-06-04 00:55:07,Delhi,34.45,30,Clear,4,55.91,73.86,648.98,11.71
2026-06-04 00:55:07,Mumbai,29.39,75,Clouds,1,4.04,10.04,76.16,0.08
2026-06-04 00:55:08,Hyderabad,27.56,62,Clouds,1,4.56,7.72,189.99,10.94
2026-06-04 00:55:09,Chennai,30.8,62,Clouds,2,13.44,19.16,349.73,15.26
2026-06-04 00:55:09,Bangalore,20.63,92,Clouds,1,7.54,10.99,218.26,9.56
2026-06-04 00:55:10,Kolkata,31.69,66,Clear,5,78.83,104.11,345.62,3.24
2026-06-04 00:55:10,Vijayawada,32.36,49,Clouds,2,10.15,12.15,183.19,3.62
2026-06-04 00:55:11,Pune,26.34,55,Clear,1,1.5,2.14,101.51,2.87
2026-06-04 00:55:12,Ahmedabad,30.7,61,Clear,3,14,57.52,101.09,2.86
2026-06-04 00:55:13,Jaipur,28.58,54,Clouds,2,18.15,43.61,164.72,3.11
2026-06-04 02:01:18,Delhi,35.33,29,Clear,4,55.31,74.83,671.54,14.42
2026-06-04 02:01:18,Mumbai,29.58,74,Clouds,1,3.95,9.92,76.37,0.1
2026-06-04 02:01:19,Hyderabad,28.57,58,Clouds,1,4.61,8.02,190.34,9.3
2026-06-04 02:01:20,Chennai,31.37,60,Clouds,2,12.36,18.43,335.33,13.27
2026-06-04 02:01:21,Bangalore,21.55,87,Clouds,1,7.84,11.95,233.22,10.2
2026-06-04 02:01:21,Kolkata,33.48,59,Clear,5,79.28,105.1,374.07,4.38
2026-06-04 02:01:22,Vijayawada,33.97,44,Clouds,1,9.72,11.99,184.46,3.87
2026-06-04 02:01:22,Pune,26.89,53,Clear,1,1.5,2.19,106.58,2.79
2026-06-04 02:01:23,Ahmedabad,31.9,55,Clear,3,13.93,57.09,103.43,3.05
2026-06-04 02:01:24,Jaipur,30.7,45,Clouds,2,16.73,38.69,175.49,4.19
2026-06-04 02:01:21,Bangalore,21.55,87,Clouds,1,7.84,11.95,233.22,10.2
2026-06-04 02:01:21,Kolkata,33.48,59,Clear,5,79.28,105.1,374.07,4.38
2026-06-04 02:01:22,Vijayawada,33.97,44,Clouds,1,9.72,11.99,184.46,3.87
2026-06-04 02:01:22,Pune,26.89,53,Clear,1,1.5,2.19,106.58,2.79
2026-06-04 02:01:23,Ahmedabad,31.9,55,Clear,3,13.93,57.09,103.43,3.05
2026-06-04 02:01:24,Jaipur,30.7,45,Clouds,2,16.73,38.69,175.49,4.19
2026-06-04 02:56:57,Delhi,36.27,27,Clear,4,55.11,75.53,672.71,15.73
2026-06-04 02:56:58,Mumbai,29.88,72,Clouds,1,3.91,9.7,76.67,0.1
2026-06-04 02:56:59,Hyderabad,30.59,50,Clouds,1,5.14,8.79,186.83,7.23
2026-06-04 02:56:59,Chennai,33.11,56,Clouds,2,11.98,18.39,318.39,11
2026-06-04 02:57:00,Bangalore,23.55,77,Clouds,1,8.01,12.59,247.25,9.46
2026-06-04 02:57:00,Kolkata,35.68,48,Clear,5,81.14,107.24,397.85,4.65
2026-06-04 02:57:01,Vijayawada,35.49,39,Clouds,2,10.51,13.05,184.86,3.69
2026-06-04 02:57:02,Pune,28,49,Clear,1,1.52,2.29,109.28,2.64
2026-06-04 02:57:02,Ahmedabad,33.53,49,Clear,3,13.79,56.1,105.16,2.72
2026-06-04 02:57:03,Jaipur,33.1,37,Clouds,2,15.57,33.35,192.29,5.17
2026-06-04 02:57:00,Bangalore,23.55,77,Clouds,1,8.01,12.59,247.25,9.46
2026-06-04 02:57:00,Kolkata,35.68,48,Clear,5,81.14,107.24,397.85,4.65
2026-06-04 02:57:01,Vijayawada,35.49,39,Clouds,2,10.51,13.05,184.86,3.69
2026-06-04 02:57:02,Pune,28,49,Clear,1,1.52,2.29,109.28,2.64
2026-06-04 02:57:02,Ahmedabad,33.53,49,Clear,3,13.79,56.1,105.16,2.72
2026-06-04 02:57:03,Jaipur,33.1,37,Clouds,2,15.57,33.35,192.29,5.17
2026-06-04 03:58:16,Delhi,37.13,25,Clear,4,45.11,61.36,369.42,3.19
2026-06-04 03:58:17,Mumbai,30.22,72,Clouds,1,3.85,9.26,76.76,0.1
2026-06-04 03:58:18,Hyderabad,32.94,41,Clouds,1,6.01,9.01,159.46,5.49
2026-06-04 03:58:18,Chennai,34.06,53,Clouds,1,8.24,11.94,181.71,8.71
2026-06-04 03:58:19,Bangalore,25.15,72,Clouds,1,6.77,10.71,222.33,8.48
2026-06-04 03:58:19,Kolkata,37.67,39,Clear,5,86.96,113.09,410.85,4.16
2026-06-04 03:58:20,Vijayawada,36.97,35,Clouds,2,12.95,15.65,180.76,3.44
2026-06-04 03:58:21,Pune,29.11,45,Clear,1,1.41,2.04,100.32,2.19
2026-06-04 03:58:22,Ahmedabad,35.25,43,Clear,3,13.03,51.15,102.66,2.04
2026-06-04 03:58:22,Jaipur,35.51,30,Clouds,2,15.27,30.08,197.03,4.59
2026-06-04 05:45:09,Delhi,39.61,21,Clear,4,42.06,63.28,298.94,1.36
2026-06-04 05:45:10,Mumbai,30.31,72,Clouds,1,3.71,8.19,76.53,0.05
2026-06-04 05:45:11,Hyderabad,35.88,32,Clouds,2,15.94,18.29,131.51,2.47
2026-06-04 05:45:12,Chennai,36.21,48,Clouds,1,4.87,7.11,131.49,6.18
2026-06-04 05:45:13,Bangalore,29.34,59,Clouds,1,5.26,8.41,197.35,7.97
2026-06-04 05:45:14,Kolkata,40.53,30,Clear,5,103.79,130.67,415.66,3.34
2026-06-04 05:45:14,Vijayawada,39.48,30,Clouds,2,22.02,24.91,173.28,1.88
2026-06-04 05:45:15,Pune,33.56,36,Clear,1,2.8,3.48,93.64,1.05
2026-06-04 05:45:15,Ahmedabad,38.34,35,Clear,2,13.6,45.82,99.96,1.16
2026-06-04 05:45:16,Jaipur,38.43,23,Clouds,2,23.47,36.8,180.2,1.71
2026-06-04 10:04:42,Delhi,41.81,16,Clear,3,26.75,47.94,208.44,1.1
2026-06-04 10:04:43,Mumbai,30.62,75,Clear,1,3.61,6.75,75.94,0.03
2026-06-04 10:04:44,Hyderabad,35.18,32,Clouds,2,10.83,12.5,120.87,2.75
2026-06-04 10:04:45,Chennai,36.1,57,Clouds,1,4.85,6.77,145.9,7.33
2026-06-04 10:04:46,Bangalore,29.67,56,Clouds,1,3.59,5.52,159.75,6.45
2026-06-04 10:04:46,Kolkata,35.72,46,Clouds,4,73.09,103.96,287.17,2.5
2026-06-04 10:04:47,Vijayawada,40.89,26,Clouds,2,16.52,18.47,154.79,1.16
2026-06-04 10:04:48,Pune,32.65,46,Clouds,1,2.35,3.49,81.71,0.44
2026-06-04 10:04:48,Ahmedabad,42.29,24,Clear,2,9.45,27.86,101.58,0.87
2026-06-04 10:04:49,Jaipur,30.65,48,Clouds,2,13.81,29.84,110.29,0.62
2026-06-04 10:09:50,Delhi,41.81,16,Clear,3,26.75,47.94,208.44,1.1
2026-06-04 10:09:50,Mumbai,30.62,75,Clear,1,3.61,6.75,75.94,0.03
2026-06-04 10:09:51,Hyderabad,35.18,32,Clouds,2,10.83,12.5,120.87,2.75
2026-06-04 10:09:51,Chennai,35.88,58,Clouds,1,4.85,6.77,145.9,7.33
2026-06-04 10:09:52,Bangalore,29.67,56,Clouds,1,3.59,5.52,159.75,6.45
2026-06-04 10:09:52,Kolkata,35.72,46,Clouds,4,73.09,103.96,287.17,2.5
2026-06-04 10:09:53,Vijayawada,40.89,26,Clouds,2,16.52,18.47,154.79,1.16
2026-06-04 10:09:53,Pune,32.65,46,Clouds,1,2.35,3.49,81.71,0.44
2026-06-04 10:09:55,Ahmedabad,42.29,24,Clear,2,9.45,27.86,101.58,0.87
2026-06-04 10:09:56,Jaipur,30.65,48,Clouds,2,13.81,29.84,110.29,0.62
2026-06-04 10:14:57,Delhi,41.81,16,Rain,3,26.75,47.94,208.44,1.1
2026-06-04 10:14:57,Mumbai,30.62,75,Clear,1,3.61,6.75,75.94,0.03
2026-06-04 10:14:58,Hyderabad,35.18,32,Clouds,2,10.83,12.5,120.87,2.75
2026-06-04 10:14:59,Chennai,35.88,58,Clouds,1,4.85,6.77,145.9,7.33
2026-06-04 10:15:00,Bangalore,29.72,56,Clouds,1,3.59,5.52,159.75,6.45
2026-06-04 10:15:00,Kolkata,35.72,46,Clouds,4,73.09,103.96,287.17,2.5
2026-06-04 10:15:01,Vijayawada,40.89,26,Clouds,2,16.52,18.47,154.79,1.16
2026-06-04 10:15:02,Pune,32.65,46,Clouds,1,2.35,3.49,81.71,0.44
2026-06-04 10:15:03,Ahmedabad,42.29,24,Clear,2,9.45,27.86,101.58,0.87
2026-06-04 10:15:03,Jaipur,30.65,48,Clouds,2,13.81,29.84,110.29,0.62
2026-06-04 10:20:04,Delhi,41.81,16,Rain,3,26.75,47.94,208.44,1.1
2026-06-04 10:20:04,Mumbai,30.62,75,Clear,1,3.61,6.75,75.94,0.03
2026-06-04 10:20:05,Hyderabad,35.18,32,Clouds,2,10.83,12.5,120.87,2.75
2026-06-04 10:20:06,Chennai,35.37,58,Clouds,1,4.85,6.77,145.9,7.33
2026-06-04 10:20:06,Bangalore,29.72,56,Clouds,1,3.59,5.52,159.75,6.45
2026-06-04 10:20:07,Kolkata,35.72,46,Clouds,4,73.09,103.96,287.17,2.5
2026-06-04 10:20:07,Vijayawada,40.89,26,Clouds,2,16.52,18.47,154.79,1.16
2026-06-04 10:20:08,Pune,32.65,46,Clouds,1,2.35,3.49,81.71,0.44
2026-06-04 10:20:08,Ahmedabad,42.29,24,Clear,2,9.45,27.86,101.58,0.87
2026-06-04 10:20:09,Jaipur,30.65,48,Clouds,2,13.81,29.84,110.29,0.62
2026-06-04 10:25:10,Delhi,41.81,16,Rain,3,26.75,47.94,208.44,1.1
2026-06-04 10:25:11,Mumbai,30.62,75,Clear,1,3.61,6.75,75.94,0.03
2026-06-04 10:25:11,Hyderabad,35.18,32,Clouds,2,10.83,12.5,120.87,2.75
2026-06-04 10:25:12,Chennai,35.37,58,Clouds,1,4.85,6.77,145.9,7.33
2026-06-04 10:25:13,Bangalore,29.59,55,Clouds,1,3.59,5.52,159.75,6.45
2026-06-04 10:25:14,Kolkata,35.72,46,Clouds,4,73.09,103.96,287.17,2.5
2026-06-04 10:25:14,Vijayawada,40.89,26,Clouds,2,16.52,18.47,154.79,1.16
2026-06-04 10:25:15,Pune,32.65,46,Clouds,1,2.35,3.49,81.71,0.44
2026-06-04 10:25:16,Ahmedabad,42.29,24,Clear,2,9.45,27.86,101.58,0.87
2026-06-04 10:25:16,Jaipur,30.65,48,Clouds,2,13.81,29.84,110.29,0.62
2026-06-04 10:30:17,Delhi,41.81,16,Clear,3,26.75,47.94,208.44,1.1
2026-06-04 10:30:18,Mumbai,30.62,75,Clear,1,3.61,6.75,75.94,0.03
2026-06-04 10:30:18,Hyderabad,35.18,32,Clouds,2,10.83,12.5,120.87,2.75
2026-06-04 10:30:19,Chennai,35.03,59,Clouds,1,4.85,6.77,145.9,7.33
2026-06-04 10:30:20,Bangalore,29.59,55,Clouds,1,3.59,5.52,159.75,6.45
2026-06-04 10:30:21,Kolkata,35.72,46,Clouds,4,73.09,103.96,287.17,2.5
2026-06-04 10:30:21,Vijayawada,40.89,26,Clouds,2,16.52,18.47,154.79,1.16
2026-06-04 10:30:22,Pune,32.65,46,Clouds,1,2.35,3.49,81.71,0.44
2026-06-04 10:30:22,Ahmedabad,42.29,24,Clear,2,9.45,27.86,101.58,0.87
2026-06-04 10:30:23,Jaipur,30.65,48,Clouds,2,13.25,30.45,109.72,0.76
2026-06-04 10:35:24,Delhi,41.81,16,Clear,3,25.73,46.13,204.4,1.28
2026-06-04 10:35:24,Mumbai,30.62,75,Clear,1,3.64,6.77,75.82,0.03
2026-06-04 10:35:25,Hyderabad,35.18,32,Clouds,2,10.26,12.19,126.69,3.87
2026-06-04 10:35:26,Chennai,35.03,59,Clouds,1,6.25,9.26,186.77,11.46
2026-06-04 10:35:27,Bangalore,29.53,56,Clouds,1,3.48,5.37,163.82,6.88
2026-06-04 10:35:28,Kolkata,35.72,46,Clouds,4,66.91,97.52,268.54,2.79
2026-06-04 10:35:28,Vijayawada,40.29,27,Clouds,2,15.02,16.96,155.56,1.42
2026-06-04 10:35:29,Pune,32.65,46,Clouds,1,2.21,3.45,80.89,0.45
2026-06-04 10:35:30,Ahmedabad,42.29,24,Clear,2,9.04,27.21,101.54,1.05
2026-06-04 10:35:30,Jaipur,23.75,74,Clouds,2,13.25,30.45,109.72,0.76
2026-06-04 10:40:31,Delhi,41.85,15,Clear,3,25.73,46.13,204.4,1.28
2026-06-04 10:40:31,Mumbai,30.76,75,Clear,1,3.64,6.77,75.82,0.03
2026-06-04 10:40:32,Hyderabad,35.18,32,Clouds,2,10.26,12.19,126.69,3.87
2026-06-04 10:40:33,Chennai,34.99,60,Clouds,1,6.25,9.26,186.77,11.46
2026-06-04 10:40:33,Bangalore,29.53,56,Clouds,1,3.48,5.37,163.82,6.88
2026-06-04 10:40:34,Kolkata,35.88,47,Clouds,4,66.91,97.52,268.54,2.79
2026-06-04 10:40:34,Vijayawada,40.29,27,Clouds,2,15.02,16.96,155.56,1.42
2026-06-04 10:40:35,Pune,30.01,58,Clouds,1,2.21,3.45,80.89,0.45
2026-06-04 10:40:35,Ahmedabad,42.32,24,Clear,2,9.04,27.21,101.54,1.05
2026-06-04 10:40:36,Jaipur,23.75,74,Clouds,2,13.25,30.45,109.72,0.76
2026-06-04 10:45:37,Delhi,41.85,15,Clear,3,25.73,46.13,204.4,1.28
2026-06-04 10:45:38,Mumbai,30.76,75,Clear,1,3.64,6.77,75.82,0.03
2026-06-04 10:45:38,Hyderabad,35.24,32,Clouds,2,10.26,12.19,126.69,3.87
2026-06-04 10:45:39,Chennai,34.99,60,Clouds,1,6.25,9.26,186.77,11.46
2026-06-04 10:45:40,Bangalore,29.51,56,Clouds,1,3.48,5.37,163.82,6.88
2026-06-04 10:45:41,Kolkata,35.88,47,Clouds,4,66.91,97.52,268.54,2.79
2026-06-04 10:45:41,Vijayawada,40.29,27,Clouds,2,15.02,16.96,155.56,1.42
2026-06-04 10:45:42,Pune,30.01,58,Clouds,1,2.21,3.45,80.89,0.45
2026-06-04 10:45:43,Ahmedabad,42.32,24,Clear,2,9.04,27.21,101.54,1.05
2026-06-04 10:45:43,Jaipur,23.75,74,Clouds,2,13.25,30.45,109.72,0.76
2026-06-04 10:50:44,Delhi,41.85,15,Clear,3,25.73,46.13,204.4,1.28
2026-06-04 10:50:45,Mumbai,30.76,75,Clear,1,3.64,6.77,75.82,0.03
2026-06-04 10:50:45,Hyderabad,35.24,32,Clouds,2,10.26,12.19,126.69,3.87
2026-06-04 10:50:46,Chennai,34.99,60,Clouds,1,6.25,9.26,186.77,11.46
2026-06-04 10:50:47,Bangalore,29.51,56,Clouds,1,3.48,5.37,163.82,6.88
2026-06-04 10:50:47,Kolkata,35.88,47,Clouds,4,66.91,97.52,268.54,2.79
2026-06-04 10:50:48,Vijayawada,40.29,27,Clouds,2,15.02,16.96,155.56,1.42
2026-06-04 10:50:49,Pune,30.01,58,Clouds,1,2.21,3.45,80.89,0.45
2026-06-04 10:50:49,Ahmedabad,42.32,24,Clear,2,9.04,27.21,101.54,1.05
2026-06-04 10:50:50,Jaipur,23.75,74,Clouds,2,13.25,30.45,109.72,0.76
2026-06-04 10:55:51,Delhi,41.85,15,Clear,3,25.73,46.13,204.4,1.28
2026-06-04 10:55:52,Mumbai,30.76,75,Clear,1,3.64,6.77,75.82,0.03
2026-06-04 10:55:53,Hyderabad,35.24,32,Clouds,2,10.26,12.19,126.69,3.87
2026-06-04 10:55:54,Chennai,34.99,60,Clouds,1,6.25,9.26,186.77,11.46
2026-06-04 10:55:55,Bangalore,29.49,56,Clouds,1,3.48,5.37,163.82,6.88
2026-06-04 10:55:55,Kolkata,35.88,47,Clouds,4,66.91,97.52,268.54,2.79
2026-06-04 10:55:56,Vijayawada,40.29,27,Clouds,2,15.02,16.96,155.56,1.42
2026-06-04 10:55:57,Pune,30.01,58,Clouds,1,2.21,3.45,80.89,0.45
2026-06-04 10:55:58,Ahmedabad,42.32,24,Clear,2,9.04,27.21,101.54,1.05
2026-06-04 10:55:59,Jaipur,23.75,74,Clouds,2,13.25,30.45,109.72,0.76
2026-06-04 11:00:59,Delhi,41.85,15,Clear,3,25.73,46.13,204.4,1.28
2026-06-04 11:01:00,Mumbai,30.76,75,Clear,1,3.64,6.77,75.82,0.03
2026-06-04 11:01:01,Hyderabad,35.24,32,Clouds,2,10.26,12.19,126.69,3.87
2026-06-04 11:01:01,Chennai,34.66,60,Clouds,1,6.25,9.26,186.77,11.46
2026-06-04 11:01:02,Bangalore,29.49,56,Clouds,1,3.48,5.37,163.82,6.88
2026-06-04 11:01:02,Kolkata,35.88,47,Clouds,4,66.91,97.52,268.54,2.79
2026-06-04 11:01:03,Vijayawada,40.29,27,Clouds,2,15.02,16.96,155.56,1.42
2026-06-04 11:01:04,Pune,30.01,58,Clouds,1,2.21,3.45,80.89,0.45
2026-06-04 11:01:06,Ahmedabad,42.32,24,Clear,2,9.04,27.21,101.54,1.05
2026-06-04 11:01:06,Jaipur,23.75,74,Clouds,2,13.25,30.45,109.72,0.76
2026-06-04 11:06:07,Delhi,41.85,15,Clear,3,25.73,46.13,204.4,1.28
2026-06-04 11:06:08,Mumbai,30.76,75,Clear,1,3.64,6.77,75.82,0.03
2026-06-04 11:06:09,Hyderabad,35.24,32,Clouds,2,10.26,12.19,126.69,3.87
2026-06-04 11:06:10,Chennai,34.43,61,Clouds,1,6.25,9.26,186.77,11.46
2026-06-04 11:06:10,Bangalore,29.49,56,Clouds,1,4.23,6.85,190.34,9
2026-06-04 11:06:11,Kolkata,35.88,47,Clouds,4,66.91,97.52,268.54,2.79
2026-06-04 11:06:12,Vijayawada,40.29,27,Clouds,2,15.02,16.96,155.56,1.42
2026-06-04 11:06:13,Pune,30.01,58,Clouds,1,2.21,3.45,80.89,0.45
2026-06-04 11:06:13,Ahmedabad,42.32,24,Clear,2,9.04,27.21,101.54,1.05
2026-06-04 11:06:14,Jaipur,23.75,74,Clouds,2,13.25,30.45,109.72,0.76
2026-06-04 11:11:15,Delhi,41.85,15,Clear,3,25.73,46.13,204.4,1.28
2026-06-04 11:11:15,Mumbai,30.76,75,Clear,1,3.64,6.77,75.82,0.03
2026-06-04 11:11:16,Hyderabad,35.24,32,Clouds,2,10.26,12.19,126.69,3.87
2026-06-04 11:11:17,Chennai,34.46,60,Clouds,1,6.25,9.26,186.77,11.46
2026-06-04 11:11:17,Bangalore,29.6,56,Clouds,1,4.23,6.85,190.34,9
2026-06-04 11:11:18,Kolkata,35.88,47,Clouds,4,66.91,97.52,268.54,2.79
2026-06-04 11:11:18,Vijayawada,40.29,27,Clouds,2,15.02,16.96,155.56,1.42
2026-06-04 11:11:19,Pune,30.01,58,Clouds,1,2.21,3.45,80.89,0.45
2026-06-04 11:11:19,Ahmedabad,42.32,24,Clear,2,9.04,27.21,101.54,1.05
2026-06-04 11:11:20,Jaipur,23.75,74,Clouds,2,13.25,30.45,109.72,0.76
2026-06-04 11:26:17,Delhi,41.85,15,Clear,3,25.73,46.13,204.4,1.28
2026-06-04 11:26:17,Mumbai,30.76,75,Clear,1,3.64,6.77,75.82,0.03
2026-06-04 11:26:18,Hyderabad,35.24,32,Clouds,2,10.26,12.19,126.69,3.87
2026-06-04 11:26:19,Chennai,34.45,60,Clouds,1,6.25,9.26,186.77,11.46
2026-06-04 11:26:20,Bangalore,29.72,56,Clouds,1,3.48,5.37,163.82,6.88
2026-06-04 11:26:20,Kolkata,35.88,47,Clouds,4,66.91,97.52,268.54,2.79
2026-06-04 11:26:21,Vijayawada,40.29,27,Clouds,2,15.02,16.96,155.56,1.42
2026-06-04 11:26:22,Pune,30.01,58,Clouds,1,2.21,3.45,80.89,0.45
2026-06-04 11:26:22,Ahmedabad,42.32,24,Clear,2,9.04,27.21,101.54,1.05
2026-06-04 11:26:23,Jaipur,23.75,74,Clouds,2,13.25,30.45,109.72,0.76
2026-06-04 11:31:24,Delhi,41.85,15,Clear,3,25.73,46.13,204.4,1.28
2026-06-04 11:31:24,Mumbai,30.76,75,Clear,1,3.64,6.77,75.82,0.03
2026-06-04 11:31:25,Hyderabad,35.24,32,Clouds,2,10.26,12.19,126.69,3.87
2026-06-04 11:31:25,Chennai,34.64,60,Clouds,1,6.25,9.26,186.77,11.46
2026-06-04 11:31:26,Bangalore,29.62,57,Clouds,1,3.48,5.37,163.82,6.88
2026-06-04 11:31:26,Kolkata,35.88,47,Clouds,4,66.91,97.52,268.54,2.79
2026-06-04 11:31:27,Vijayawada,40.29,27,Clouds,2,15.02,16.96,155.56,1.42
2026-06-04 11:31:27,Pune,30.01,58,Clouds,1,2.21,3.45,80.89,0.45
2026-06-04 11:31:28,Ahmedabad,42.32,24,Clear,2,9.04,27.21,101.54,1.05
2026-06-04 11:31:28,Jaipur,23.75,74,Clouds,2,13.25,30.45,109.72,0.76
2026-06-04 11:36:29,Delhi,41.85,15,Clear,3,25.06,43.29,203.76,1.6
2026-06-04 11:36:30,Mumbai,30.69,77,Clear,1,3.73,7.03,75.95,0.04
2026-06-04 11:36:31,Hyderabad,35.01,33,Clouds,2,9.47,11.65,134.14,5.58
2026-06-04 11:36:32,Chennai,34.64,60,Clouds,1,7.35,11.26,227.54,17.01
2026-06-04 11:36:32,Bangalore,29.62,57,Clouds,1,3.4,5.34,171.08,7.98
2026-06-04 11:36:33,Kolkata,34.36,53,Clouds,4,64.17,94.14,258.65,3.04
2026-06-04 11:36:34,Vijayawada,38.13,33,Rain,2,13.82,15.92,158.31,1.83
2026-06-04 11:36:35,Pune,30.01,58,Clouds,1,2.06,3.33,80.85,0.54
2026-06-04 11:36:35,Ahmedabad,40.66,30,Clear,2,8.36,25.7,101.74,1.36
2026-06-04 11:36:36,Jaipur,23.75,74,Clouds,2,13.25,30.45,109.72,0.76
2026-06-04 11:41:36,Delhi,41.57,16,Clear,3,25.06,43.29,203.76,1.6
2026-06-04 11:41:37,Mumbai,30.69,77,Clear,1,3.73,7.03,75.95,0.04
2026-06-04 11:41:38,Hyderabad,35.01,33,Clouds,2,9.47,11.65,134.14,5.58
2026-06-04 11:41:38,Chennai,34.3,61,Clouds,1,7.35,11.26,227.54,17.01
2026-06-04 11:41:39,Bangalore,29.51,56,Clouds,1,3.4,5.34,171.08,7.98
2026-06-04 11:41:39,Kolkata,34.36,53,Clouds,4,64.17,94.14,258.65,3.04
2026-06-04 11:41:40,Vijayawada,38.13,33,Rain,2,13.82,15.92,158.31,1.83
2026-06-04 11:41:40,Pune,31.6,51,Clouds,1,2.06,3.33,80.85,0.54
2026-06-04 11:41:41,Ahmedabad,40.66,30,Clear,2,8.36,25.7,101.74,1.36
2026-06-04 11:41:41,Jaipur,25.28,65,Clouds,2,12.84,31.09,110.68,1.04
2026-06-04 11:46:42,Delhi,41.57,16,Clear,3,25.06,43.29,203.76,1.6
2026-06-04 11:46:43,Mumbai,30.69,77,Clear,1,3.73,7.03,75.95,0.04
2026-06-04 11:46:44,Hyderabad,35.01,33,Clouds,2,9.47,11.65,134.14,5.58
2026-06-04 11:46:45,Chennai,34.3,61,Clouds,1,7.35,11.26,227.54,17.01
2026-06-04 11:46:46,Bangalore,29.51,56,Clouds,1,3.4,5.34,171.08,7.98
2026-06-04 11:46:46,Kolkata,34.36,53,Clouds,4,64.17,94.14,258.65,3.04
2026-06-04 11:46:47,Vijayawada,38.13,33,Rain,2,13.82,15.92,158.31,1.83
2026-06-04 11:46:48,Pune,31.6,51,Clouds,1,2.06,3.33,80.85,0.54
2026-06-04 11:46:48,Ahmedabad,40.66,30,Clear,2,8.36,25.7,101.74,1.36
2026-06-04 11:46:49,Jaipur,25.28,65,Clouds,2,12.84,31.09,110.68,1.04
2026-06-04 11:51:50,Delhi,41.57,16,Clear,3,25.06,43.29,203.76,1.6
2026-06-04 11:51:50,Mumbai,30.69,77,Clear,1,3.73,7.03,75.95,0.04
2026-06-04 11:51:51,Hyderabad,35.01,33,Clouds,2,9.47,11.65,134.14,5.58
2026-06-04 11:51:51,Chennai,34.1,62,Clouds,1,7.35,11.26,227.54,17.01
2026-06-04 11:51:52,Bangalore,29.48,56,Clouds,1,3.4,5.34,171.08,7.98
2026-06-04 11:51:52,Kolkata,34.36,53,Clouds,4,64.17,94.14,258.65,3.04
2026-06-04 11:51:53,Vijayawada,38.13,33,Rain,2,13.82,15.92,158.31,1.83
2026-06-04 11:51:53,Pune,31.6,51,Clouds,1,2.06,3.33,80.85,0.54
2026-06-04 11:51:54,Ahmedabad,40.66,30,Clear,2,8.36,25.7,101.74,1.36
2026-06-04 11:51:54,Jaipur,25.28,65,Clouds,2,12.84,31.09,110.68,1.04
2026-06-04 11:56:55,Delhi,41.57,16,Clear,3,25.06,43.29,203.76,1.6
2026-06-04 11:56:56,Mumbai,30.69,77,Clear,1,3.73,7.03,75.95,0.04
2026-06-04 11:56:57,Hyderabad,35.01,33,Clouds,2,9.47,11.65,134.14,5.58
2026-06-04 11:56:57,Chennai,34.1,62,Clouds,1,7.35,11.26,227.54,17.01
2026-06-04 11:56:58,Bangalore,29.48,56,Clouds,1,3.4,5.34,171.08,7.98
2026-06-04 11:56:59,Kolkata,34.36,53,Clouds,4,64.17,94.14,258.65,3.04
2026-06-04 11:57:00,Vijayawada,38.13,33,Rain,2,13.82,15.92,158.31,1.83
2026-06-04 11:57:01,Pune,31.6,51,Clouds,1,2.06,3.33,80.85,0.54
2026-06-04 11:57:02,Ahmedabad,40.66,30,Clear,2,8.36,25.7,101.74,1.36
2026-06-04 11:57:03,Jaipur,25.28,65,Clouds,2,12.84,31.09,110.68,1.04
2026-06-04 12:02:03,Delhi,41.57,16,Clear,3,25.06,43.29,203.76,1.6
2026-06-04 12:02:04,Mumbai,30.69,77,Clear,1,3.73,7.03,75.95,0.04
2026-06-04 12:02:05,Hyderabad,35.01,33,Clouds,2,9.47,11.65,134.14,5.58
2026-06-04 12:02:05,Chennai,33.63,63,Clouds,1,7.35,11.26,227.54,17.01
2026-06-04 12:02:06,Bangalore,29.92,57,Clouds,1,3.4,5.34,171.08,7.98
2026-06-04 12:02:06,Kolkata,34.36,53,Clouds,4,64.17,94.14,258.65,3.04
2026-06-04 12:02:07,Vijayawada,38.13,33,Rain,2,13.82,15.92,158.31,1.83
2026-06-04 12:02:07,Pune,33.56,35,Clouds,1,2.06,3.33,80.85,0.54
2026-06-04 12:02:08,Ahmedabad,40.66,30,Clear,2,8.36,25.7,101.74,1.36
2026-06-04 12:02:09,Jaipur,25.28,65,Clouds,2,12.84,31.09,110.68,1.04
2026-06-04 12:07:10,Delhi,41.57,16,Clear,3,25.06,43.29,203.76,1.6
2026-06-04 12:07:11,Mumbai,30.69,77,Clear,1,3.73,7.03,75.95,0.04
2026-06-04 12:07:12,Hyderabad,35.01,33,Clouds,2,9.47,11.65,134.14,5.58
2026-06-04 12:07:13,Chennai,33.63,63,Clouds,1,7.35,11.26,227.54,17.01
2026-06-04 12:07:14,Bangalore,29.92,57,Clouds,1,3.4,5.34,171.08,7.98
2026-06-04 12:07:15,Kolkata,34.36,53,Clouds,4,64.17,94.14,258.65,3.04
2026-06-04 12:07:15,Vijayawada,38.13,33,Rain,2,13.82,15.92,158.31,1.83
2026-06-04 12:07:16,Pune,33.56,35,Clouds,1,2.06,3.33,80.85,0.54
2026-06-04 12:07:18,Ahmedabad,40.66,30,Clear,2,8.36,25.7,101.74,1.36
2026-06-04 12:07:18,Jaipur,25.28,65,Clouds,2,12.84,31.09,110.68,1.04
2026-06-04 12:12:19,Delhi,41.57,16,Clear,3,25.06,43.29,203.76,1.6
2026-06-04 12:12:20,Mumbai,30.69,77,Clear,1,3.73,7.03,75.95,0.04
2026-06-04 12:12:20,Hyderabad,35.01,33,Clouds,2,9.47,11.65,134.14,5.58
2026-06-04 12:12:21,Chennai,33.59,64,Clouds,1,7.35,11.26,227.54,17.01
2026-06-04 12:12:21,Bangalore,29.35,57,Clouds,1,3.4,5.34,171.08,7.98
2026-06-04 12:12:22,Kolkata,34.36,53,Clouds,4,64.17,94.14,258.65,3.04
2026-06-04 12:12:22,Vijayawada,38.13,33,Rain,2,13.82,15.92,158.31,1.83
2026-06-04 12:12:23,Pune,33.56,34,Clouds,1,2.06,3.33,80.85,0.54
2026-06-04 12:12:23,Ahmedabad,40.66,30,Clear,2,8.36,25.7,101.74,1.36
2026-06-04 12:12:24,Jaipur,25.28,65,Clouds,2,12.84,31.09,110.68,1.04
2026-06-04 12:14:10,Delhi,41.57,16,Clear,3,25.06,43.29,203.76,1.6
2026-06-04 12:14:10,Mumbai,30.69,77,Clear,1,3.73,7.03,75.95,0.04
2026-06-04 12:14:11,Hyderabad,35.01,33,Clouds,2,9.47,11.65,134.14,5.58
2026-06-04 12:14:11,Chennai,33.59,64,Clouds,1,7.35,11.26,227.54,17.01
2026-06-04 12:14:12,Bangalore,29.35,57,Clouds,1,3.4,5.34,171.08,7.98
2026-06-04 12:14:12,Kolkata,34.36,53,Clouds,4,64.17,94.14,258.65,3.04
2026-06-04 12:14:13,Vijayawada,38.13,33,Rain,2,13.82,15.92,158.31,1.83
2026-06-04 12:14:15,Pune,33.56,34,Clouds,1,2.06,3.33,80.85,0.54
2026-06-04 12:14:16,Ahmedabad,40.66,30,Clear,2,8.36,25.7,101.74,1.36
2026-06-04 12:14:17,Jaipur,25.28,65,Clouds,2,12.84,31.09,110.68,1.04
2026-06-04 12:19:18,Delhi,41.57,16,Clear,3,25.06,43.29,203.76,1.6
2026-06-04 12:19:18,Mumbai,30.69,77,Clear,1,3.73,7.03,75.95,0.04
2026-06-04 12:19:19,Hyderabad,35.01,33,Clouds,2,9.47,11.65,134.14,5.58
2026-06-04 12:19:20,Chennai,33.54,64,Clouds,1,7.35,11.26,227.54,17.01
2026-06-04 12:19:20,Bangalore,29.35,57,Clouds,1,4.18,6.88,199.59,10.34
2026-06-04 12:19:21,Kolkata,34.36,53,Clouds,4,64.17,94.14,258.65,3.04
2026-06-04 12:19:22,Vijayawada,38.13,33,Rain,2,13.82,15.92,158.31,1.83
2026-06-04 12:19:22,Pune,33.56,34,Clouds,1,2.06,3.33,80.85,0.54
2026-06-04 12:19:23,Ahmedabad,40.66,30,Clear,2,8.36,25.7,101.74,1.36
2026-06-04 12:19:24,Jaipur,25.28,65,Clouds,2,12.84,31.09,110.68,1.04
2026-06-04 12:24:24,Delhi,41.57,16,Clear,3,25.06,43.29,203.76,1.6
2026-06-04 12:24:25,Mumbai,30.69,77,Clear,1,3.73,7.03,75.95,0.04
2026-06-04 12:24:25,Hyderabad,35.01,33,Clouds,2,9.47,11.65,134.14,5.58
2026-06-04 12:24:26,Chennai,33.54,64,Clouds,1,7.35,11.26,227.54,17.01
2026-06-04 12:24:27,Bangalore,29.49,58,Clouds,1,4.18,6.88,199.59,10.34
2026-06-04 12:24:27,Kolkata,34.36,53,Clouds,4,64.17,94.14,258.65,3.04
2026-06-04 12:24:28,Vijayawada,38.13,33,Rain,2,13.82,15.92,158.31,1.83
2026-06-04 12:24:28,Pune,33,35,Clouds,1,2.06,3.33,80.85,0.54
2026-06-04 12:24:29,Ahmedabad,40.66,30,Clear,2,8.36,25.7,101.74,1.36
2026-06-04 12:24:30,Jaipur,25.28,65,Clouds,2,12.84,31.09,110.68,1.04
2026-06-04 12:40:57,Delhi,41.57,16,Clear,3,25.97,41.99,253.2,7.12
2026-06-04 12:40:57,Mumbai,30.46,78,Clear,1,3.84,7.48,76.3,0.04
2026-06-04 12:40:58,Hyderabad,34.03,35,Clouds,2,8.9,11.33,146.96,8.2
2026-06-04 12:40:59,Chennai,32.96,68,Clouds,1,8.24,12.92,265.89,22.81
2026-06-04 12:41:00,Bangalore,29.86,58,Clouds,1,3.6,5.87,182.37,9.47
2026-06-04 12:41:00,Kolkata,32.13,64,Clear,4,63.66,93.07,253.81,2.76
2026-06-04 12:41:01,Vijayawada,36.82,36,Clouds,2,14.08,16.95,174.24,3.2
2026-06-04 12:41:02,Pune,33.56,36,Clouds,1,1.91,3.18,81.62,0.75
2026-06-04 12:41:03,Ahmedabad,38.05,37,Clear,2,7.78,24.58,102.78,1.79
2026-06-04 12:41:03,Jaipur,25.28,65,Clouds,2,12.96,31.46,129.62,3.34
2026-06-04 12:46:04,Delhi,40.55,18,Clouds,3,25.97,41.99,253.2,7.12
2026-06-04 12:46:05,Mumbai,30.46,78,Clear,1,3.84,7.48,76.3,0.04
2026-06-04 12:46:05,Hyderabad,34.03,35,Clouds,2,8.9,11.33,146.96,8.2
2026-06-04 12:46:06,Chennai,32.96,68,Clouds,1,8.24,12.92,265.89,22.81
2026-06-04 12:46:06,Bangalore,29.59,56,Clouds,1,3.6,5.87,182.37,9.47
2026-06-04 12:46:07,Kolkata,32.13,64,Clear,4,63.66,93.07,253.81,2.76
2026-06-04 12:46:08,Vijayawada,36.82,36,Clouds,2,14.08,16.95,174.24,3.2
2026-06-04 12:46:08,Pune,29.75,58,Clouds,1,1.91,3.18,81.62,0.75
2026-06-04 12:46:09,Ahmedabad,38.05,37,Clear,2,7.78,24.58,102.78,1.79
2026-06-04 12:46:09,Jaipur,25.51,60,Clouds,2,12.96,31.46,129.62,3.34
2026-06-04 12:51:10,Delhi,40.55,18,Clouds,3,25.97,41.99,253.2,7.12
2026-06-04 12:51:11,Mumbai,30.46,78,Clear,1,3.84,7.48,76.3,0.04
2026-06-04 12:51:11,Hyderabad,34.03,35,Clouds,2,8.9,11.33,146.96,8.2
2026-06-04 12:51:12,Chennai,32.77,70,Clouds,1,8.24,12.92,265.89,22.81
2026-06-04 12:51:13,Bangalore,29.59,56,Clouds,1,3.6,5.87,182.37,9.47
2026-06-04 12:51:14,Kolkata,32.13,64,Clear,4,63.66,93.07,253.81,2.76
2026-06-04 12:51:14,Vijayawada,36.82,36,Clouds,2,14.08,16.95,174.24,3.2
2026-06-04 12:51:15,Pune,29.75,58,Clouds,1,1.91,3.18,81.62,0.75
2026-06-04 12:51:16,Ahmedabad,38.05,37,Clear,2,7.78,24.58,102.78,1.79
2026-06-04 12:51:17,Jaipur,25.51,60,Clouds,2,12.96,31.46,129.62,3.34
2026-06-04 13:11:31,Delhi,40.55,18,Clouds,3,25.97,41.99,253.2,7.12
2026-06-04 13:11:32,Mumbai,30.62,79,Clear,1,3.56,7.61,76.27,0.04
2026-06-04 13:11:33,Hyderabad,34.03,35,Clouds,2,8.71,10.31,128.12,4.74
2026-06-04 13:11:34,Chennai,32.41,71,Clouds,1,6.85,9.2,193.32,14.81
2026-06-04 13:11:35,Bangalore,29.57,55,Clouds,1,4.09,6.37,183.61,9.28
2026-06-04 13:11:35,Kolkata,34.67,50,Clear,4,63.66,93.07,253.81,2.76
2026-06-04 13:11:36,Vijayawada,37.87,33,Clouds,2,15.44,18.32,205.59,5.6
2026-06-04 13:11:36,Pune,31.89,38,Clouds,1,2.39,3.35,84.43,1.14
2026-06-04 13:11:37,Ahmedabad,38.05,37,Clear,2,8.12,24.54,106.04,1.77
2026-06-04 13:11:38,Jaipur,25.51,60,Clouds,2,13.35,25.22,173.22,7.69
2026-06-04 13:16:39,Delhi,37.3,25,Clouds,2,17.23,26.07,192.2,6.67
2026-06-04 13:16:39,Mumbai,30.62,79,Clear,1,3.56,7.61,76.27,0.04
2026-06-04 13:16:40,Hyderabad,32.46,42,Clouds,2,8.71,10.31,128.12,4.74
2026-06-04 13:16:41,Chennai,32.41,71,Clouds,1,6.85,9.2,193.32,14.81
2026-06-04 13:16:41,Bangalore,29.57,55,Clouds,1,4.09,6.37,183.61,9.28
2026-06-04 13:16:42,Kolkata,34.67,50,Clear,4,64.72,81.99,275.49,2.74
2026-06-04 13:16:42,Vijayawada,37.87,33,Clouds,2,15.44,18.32,205.59,5.6
2026-06-04 13:16:43,Pune,31.89,40,Clouds,1,2.39,3.35,84.43,1.14
2026-06-04 13:16:43,Ahmedabad,38.66,35,Clear,2,8.12,24.54,106.04,1.77
2026-06-04 13:16:44,Jaipur,27.3,47,Clouds,2,13.35,25.22,173.22,7.69
2026-06-04 13:21:45,Delhi,37.3,25,Clouds,2,17.23,26.07,192.2,6.67
2026-06-04 13:21:47,Mumbai,30.62,79,Clear,1,3.56,7.61,76.27,0.04
2026-06-04 13:21:47,Hyderabad,32.46,42,Clouds,2,8.71,10.31,128.12,4.74
2026-06-04 13:21:48,Chennai,32.1,72,Clouds,1,6.85,9.2,193.32,14.81
2026-06-04 13:21:49,Bangalore,29.57,55,Clouds,1,4.09,6.37,183.61,9.28
2026-06-04 13:21:49,Kolkata,34.67,50,Clear,4,64.72,81.99,275.49,2.74
2026-06-04 13:21:50,Vijayawada,37.87,33,Clouds,2,15.44,18.32,205.59,5.6
2026-06-04 13:21:51,Pune,31.89,40,Clouds,1,2.39,3.35,84.43,1.14
2026-06-04 13:21:51,Ahmedabad,38.66,35,Clear,2,8.12,24.54,106.04,1.77
2026-06-04 13:21:52,Jaipur,27.3,47,Clouds,2,13.35,25.22,173.22,7.69
2026-06-04 13:26:53,Delhi,37.3,25,Clouds,2,17.23,26.07,192.2,6.67
2026-06-04 13:26:53,Mumbai,30.62,79,Clear,1,3.56,7.61,76.27,0.04
2026-06-04 13:26:54,Hyderabad,32.46,42,Clouds,2,8.71,10.31,128.12,4.74
2026-06-04 13:26:54,Chennai,32.1,72,Clouds,1,6.85,9.2,193.32,14.81
2026-06-04 13:26:55,Bangalore,30.09,56,Clouds,1,4.09,6.37,183.61,9.28
2026-06-04 13:26:56,Kolkata,34.67,50,Clear,4,64.72,81.99,275.49,2.74
2026-06-04 13:26:56,Vijayawada,37.87,33,Clouds,2,15.44,18.32,205.59,5.6
2026-06-04 13:26:57,Pune,31.34,41,Clouds,1,2.39,3.35,84.43,1.14
2026-06-04 13:26:57,Ahmedabad,38.66,35,Clear,2,8.12,24.54,106.04,1.77
2026-06-04 13:26:58,Jaipur,27.3,47,Clouds,2,13.35,25.22,173.22,7.69
2026-06-04 13:31:59,Delhi,37.3,25,Clouds,2,17.23,26.07,192.2,6.67
2026-06-04 13:31:59,Mumbai,30.62,79,Clear,1,3.36,7.32,76.54,0.05
2026-06-04 13:32:00,Hyderabad,32.46,42,Clouds,2,8.16,9.94,141.79,6.95
2026-06-04 13:32:01,Chennai,32.08,71,Clouds,1,7.05,9.56,213.66,18.27
2026-06-04 13:32:01,Bangalore,30.09,56,Clouds,1,4.53,7.39,201.07,10.72
2026-06-04 13:32:02,Kolkata,34.67,50,Clear,4,64.72,81.99,275.49,2.74
2026-06-04 13:32:03,Vijayawada,37.87,33,Clouds,2,16.79,20.68,238.87,7.27
2026-06-04 13:32:03,Pune,31.34,41,Clouds,1,2.31,3.24,84.53,1.41
2026-06-04 13:32:04,Ahmedabad,38.66,35,Clear,2,7.75,24.92,106.79,2.24
2026-06-04 13:32:05,Jaipur,27.3,47,Clouds,2,13.63,25.49,180.03,7.82
2026-06-04 13:50:13,Hyderabad,29.17,55,Clouds,2,8.16,9.94,141.79,6.95
2026-06-04 13:50:14,Chennai,32.07,72,Clouds,1,7.05,9.56,213.66,18.27
2026-06-04 13:50:14,Bangalore,29.17,57,Clouds,1,5.63,9.41,229.19,12.81
2026-06-04 13:50:15,Kolkata,28.18,77,Clouds,4,63.39,78.53,283.21,2.92
2026-06-04 13:50:16,Vijayawada,37.25,34,Clouds,2,16.79,20.68,238.87,7.27
2026-06-04 13:50:16,Pune,30.78,41,Clouds,1,2.31,3.24,84.53,1.41
2026-06-04 13:50:17,Ahmedabad,36.27,42,Clear,2,7.75,24.92,106.79,2.24
2026-06-04 13:50:18,Jaipur,26.99,53,Clouds,2,13.63,25.49,180.03,7.82
2026-06-04 13:55:19,Delhi,37.86,20,Clouds,2,18.41,29.9,257.6,13.06
2026-06-04 13:55:19,Mumbai,30.53,79,Clear,1,3.36,7.32,76.54,0.05
2026-06-04 13:55:20,Hyderabad,29.17,55,Clouds,2,8.16,9.94,141.79,6.95
2026-06-04 13:55:21,Chennai,31.93,73,Clouds,1,7.05,9.56,213.66,18.27
2026-06-04 13:55:21,Bangalore,29.17,58,Clouds,1,4.53,7.39,201.07,10.72
2026-06-04 13:55:22,Kolkata,28.18,77,Clouds,4,63.39,78.53,283.21,2.92
2026-06-04 13:55:22,Vijayawada,37.25,34,Clouds,2,16.79,20.68,238.87,7.27
2026-06-04 13:55:23,Pune,30.78,41,Clouds,1,2.31,3.24,84.53,1.41
2026-06-04 13:55:23,Ahmedabad,36.27,42,Clear,2,7.75,24.92,106.79,2.24
2026-06-04 13:55:24,Jaipur,26.99,53,Clouds,2,13.63,25.49,180.03,7.82
2026-06-04 14:00:24,Delhi,37.86,20,Clouds,2,18.41,29.9,257.6,13.06
2026-06-04 14:00:25,Mumbai,30.53,79,Clear,1,3.36,7.32,76.54,0.05
2026-06-04 14:00:26,Hyderabad,29.17,55,Clouds,2,8.16,9.94,141.79,6.95
2026-06-04 14:00:26,Chennai,31.93,73,Clouds,1,7.05,9.56,213.66,18.27
2026-06-04 14:00:27,Bangalore,29.17,58,Clouds,1,4.53,7.39,201.07,10.72
2026-06-04 14:00:28,Kolkata,28.18,77,Clouds,4,63.39,78.53,283.21,2.92
2026-06-04 14:00:28,Vijayawada,37.25,34,Clouds,2,16.79,20.68,238.87,7.27
2026-06-04 14:00:29,Pune,30.78,43,Clouds,1,2.31,3.24,84.53,1.41
2026-06-04 14:00:30,Ahmedabad,36.27,42,Clear,2,7.75,24.92,106.79,2.24
2026-06-04 14:00:30,Jaipur,26.99,53,Clouds,2,13.63,25.49,180.03,7.82
2026-06-04 14:05:31,Delhi,37.86,20,Clouds,2,18.41,29.9,257.6,13.06
2026-06-04 14:05:32,Mumbai,30.53,79,Clear,1,3.36,7.32,76.54,0.05
2026-06-04 14:05:32,Hyderabad,29.17,55,Clouds,2,8.16,9.94,141.79,6.95
2026-06-04 14:05:33,Chennai,31.93,72,Clouds,1,7.05,9.56,213.66,18.27
2026-06-04 14:05:34,Bangalore,29.17,58,Clouds,1,4.53,7.39,201.07,10.72
2026-06-04 14:05:34,Kolkata,28.18,77,Clouds,4,63.39,78.53,283.21,2.92
2026-06-04 14:05:35,Vijayawada,37.25,34,Clouds,2,16.79,20.68,238.87,7.27
2026-06-04 14:05:35,Pune,30.78,43,Clouds,1,2.31,3.24,84.53,1.41
2026-06-04 14:05:36,Ahmedabad,36.27,42,Clear,2,7.75,24.92,106.79,2.24
2026-06-04 14:05:36,Jaipur,26.99,53,Clouds,2,13.63,25.49,180.03,7.82
2026-06-04 14:10:37,Delhi,37.86,20,Clouds,2,18.41,29.9,257.6,13.06
2026-06-04 14:10:38,Mumbai,30.53,79,Clear,1,3.36,7.32,76.54,0.05
2026-06-04 14:10:38,Hyderabad,29.17,55,Clouds,2,8.16,9.94,141.79,6.95
2026-06-04 14:10:39,Chennai,31.93,72,Clouds,1,7.05,9.56,213.66,18.27
2026-06-04 14:10:39,Bangalore,29.17,58,Clouds,1,4.53,7.39,201.07,10.72
2026-06-04 14:10:40,Kolkata,28.18,77,Clouds,4,63.39,78.53,283.21,2.92
2026-06-04 14:10:41,Vijayawada,37.25,34,Clouds,2,16.79,20.68,238.87,7.27
2026-06-04 14:10:42,Pune,30.78,43,Clouds,1,2.31,3.24,84.53,1.41
2026-06-04 14:10:42,Ahmedabad,36.27,42,Clear,2,7.75,24.92,106.79,2.24
2026-06-04 14:10:43,Jaipur,26.99,53,Clouds,2,13.63,25.49,180.03,7.82
2026-06-04 14:15:44,Delhi,37.86,20,Clouds,2,18.41,29.9,257.6,13.06
2026-06-04 14:15:45,Mumbai,30.53,79,Clear,1,3.36,7.32,76.54,0.05
2026-06-04 14:15:45,Hyderabad,29.17,55,Clouds,2,8.16,9.94,141.79,6.95
2026-06-04 14:15:46,Chennai,32.2,72,Clouds,1,7.05,9.56,213.66,18.27
2026-06-04 14:15:47,Bangalore,29.17,59,Clouds,1,4.53,7.39,201.07,10.72
2026-06-04 14:15:47,Kolkata,28.18,77,Clouds,4,63.39,78.53,283.21,2.92
2026-06-04 14:15:48,Vijayawada,37.25,34,Clouds,2,16.79,20.68,238.87,7.27
2026-06-04 14:15:48,Pune,30.78,43,Clouds,1,2.31,3.24,84.53,1.41
2026-06-04 14:15:49,Ahmedabad,36.27,42,Clear,2,7.75,24.92,106.79,2.24
2026-06-04 14:15:49,Jaipur,26.99,53,Clouds,2,13.63,25.49,180.03,7.82
2026-06-04 14:20:50,Delhi,37.86,20,Clouds,2,18.41,29.9,257.6,13.06
2026-06-04 14:20:50,Mumbai,30.53,79,Clear,1,3.36,7.32,76.54,0.05
2026-06-04 14:20:51,Hyderabad,29.17,55,Clouds,2,8.16,9.94,141.79,6.95
2026-06-04 14:20:52,Chennai,32.2,72,Clouds,1,7.05,9.56,213.66,18.27
2026-06-04 14:20:52,Bangalore,29.17,59,Clouds,1,4.53,7.39,201.07,10.72
2026-06-04 14:20:53,Kolkata,28.18,77,Clouds,4,63.39,78.53,283.21,2.92
2026-06-04 14:20:54,Vijayawada,37.25,34,Clouds,2,16.79,20.68,238.87,7.27
2026-06-04 14:20:54,Pune,30.78,43,Clouds,1,2.31,3.24,84.53,1.41
2026-06-04 14:20:55,Ahmedabad,36.27,42,Clear,2,7.75,24.92,106.79,2.24
2026-06-04 14:20:56,Jaipur,26.99,53,Clouds,2,13.63,25.49,180.03,7.82
2026-06-04 14:25:56,Delhi,37.86,20,Clouds,2,18.41,29.9,257.6,13.06
2026-06-04 14:25:57,Mumbai,30.53,79,Clear,1,3.36,7.32,76.54,0.05
2026-06-04 14:25:58,Hyderabad,29.17,55,Clouds,2,8.16,9.94,141.79,6.95
2026-06-04 14:25:58,Chennai,32.03,72,Clouds,1,7.05,9.56,213.66,18.27
2026-06-04 14:25:59,Bangalore,29.17,59,Clouds,1,4.53,7.39,201.07,10.72
2026-06-04 14:25:59,Kolkata,28.18,77,Clouds,4,63.39,78.53,283.21,2.92
2026-06-04 14:26:00,Vijayawada,37.25,34,Clouds,2,16.79,20.68,238.87,7.27
2026-06-04 14:26:01,Pune,30.78,43,Clouds,1,2.31,3.24,84.53,1.41
2026-06-04 14:26:01,Ahmedabad,36.27,42,Clear,2,7.75,24.92,106.79,2.24
2026-06-04 14:26:01,Jaipur,26.99,53,Clouds,2,13.63,25.49,180.03,7.82
2026-06-04 14:31:02,Delhi,37.86,20,Clouds,2,18.41,29.9,257.6,13.06
2026-06-04 14:31:03,Mumbai,30.53,79,Clear,1,3.36,7.32,76.54,0.05
2026-06-04 14:31:03,Hyderabad,29.17,55,Clouds,2,7.34,9.09,154.34,8.48
2026-06-04 14:31:04,Chennai,32.03,72,Clouds,1,7.05,9.56,213.66,18.27
2026-06-04 14:31:04,Bangalore,29.17,59,Clouds,1,4.53,7.39,201.07,10.72
2026-06-04 14:31:05,Kolkata,28.18,77,Clouds,4,62.89,76.27,290.59,2.97
2026-06-04 14:31:06,Vijayawada,37.25,34,Clouds,2,18.89,24.04,271.7,8.16
2026-06-04 14:31:06,Pune,30.22,44,Clouds,1,2.31,3.24,84.53,1.41
2026-06-04 14:31:07,Ahmedabad,36.27,42,Clear,2,7.72,26.37,107.11,2.49
2026-06-04 14:31:08,Jaipur,26.99,53,Clouds,2,13.72,25.09,180.33,6.84
2026-06-04 14:36:09,Delhi,38.47,18,Clouds,2,19.41,33.43,307.56,16.18
2026-06-04 14:36:10,Mumbai,30.53,79,Clear,1,3.24,7.17,76.56,0.05
2026-06-04 14:36:10,Hyderabad,28.45,57,Clouds,2,7.34,9.09,154.34,8.48
2026-06-04 14:36:11,Chennai,32.03,73,Clouds,1,7.87,10.45,228.52,19.49
2026-06-04 14:36:11,Bangalore,29.17,60,Clouds,1,4.99,8.36,214.07,10.94
2026-06-04 14:36:12,Kolkata,28.18,77,Clouds,4,62.89,76.27,290.59,2.97
2026-06-04 14:36:12,Vijayawada,36.67,37,Clouds,2,18.89,24.04,271.7,8.16
2026-06-04 14:36:13,Pune,30.22,44,Clouds,1,2.25,3.13,84.89,1.48
2026-06-04 14:36:13,Ahmedabad,36.27,42,Clear,2,7.72,26.37,107.11,2.49
2026-06-04 14:36:14,Jaipur,26.99,53,Clouds,2,13.72,25.09,180.33,6.84
2026-06-04 14:41:15,Delhi,38.47,18,Clouds,2,19.41,33.43,307.56,16.18
2026-06-04 14:41:15,Mumbai,30.58,77,Clear,1,3.24,7.17,76.56,0.05
2026-06-04 14:41:16,Hyderabad,28.45,57,Clouds,2,7.34,9.09,154.34,8.48
2026-06-04 14:41:16,Chennai,32.03,73,Clouds,1,7.87,10.45,228.52,19.49
2026-06-04 14:41:17,Bangalore,29.17,60,Clouds,1,4.99,8.36,214.07,10.94
2026-06-04 14:41:18,Kolkata,28.21,65,Clouds,4,62.89,76.27,290.59,2.97
2026-06-04 14:41:18,Vijayawada,36.67,37,Clouds,2,18.89,24.04,271.7,8.16
2026-06-04 14:41:19,Pune,30.22,45,Clouds,1,2.25,3.13,84.89,1.48
2026-06-04 14:41:20,Ahmedabad,34,51,Clear,2,7.72,26.37,107.11,2.49
2026-06-04 14:41:20,Jaipur,28.19,47,Clouds,2,13.72,25.09,180.33,6.84
2026-06-04 14:46:21,Delhi,38.47,18,Clouds,2,19.41,33.43,307.56,16.18
2026-06-04 14:46:22,Mumbai,30.58,77,Clear,1,3.24,7.17,76.56,0.05
2026-06-04 14:46:22,Hyderabad,28.45,57,Clouds,2,7.34,9.09,154.34,8.48
2026-06-04 14:46:23,Chennai,32.02,73,Clouds,1,7.87,10.45,228.52,19.49
2026-06-04 14:46:24,Bangalore,25.75,76,Clouds,1,4.99,8.36,214.07,10.94
2026-06-04 14:46:24,Kolkata,28.21,65,Clouds,4,62.89,76.27,290.59,2.97
2026-06-04 14:46:25,Vijayawada,36.67,37,Clouds,2,18.89,24.04,271.7,8.16
2026-06-04 14:46:26,Pune,30.22,45,Clouds,1,2.25,3.13,84.89,1.48
2026-06-04 14:46:26,Ahmedabad,34,51,Clear,2,7.72,26.37,107.11,2.49
2026-06-04 14:46:27,Jaipur,28.19,47,Clouds,2,13.72,25.09,180.33,6.84
2026-06-04 14:51:27,Delhi,38.47,18,Clouds,2,19.41,33.43,307.56,16.18
2026-06-04 14:51:28,Mumbai,30.58,77,Clear,1,3.24,7.17,76.56,0.05
2026-06-04 14:51:29,Hyderabad,28.45,57,Clouds,2,7.34,9.09,154.34,8.48
2026-06-04 14:51:29,Chennai,32.02,73,Clouds,1,7.87,10.45,228.52,19.49
2026-06-04 14:51:30,Bangalore,25.75,76,Clouds,1,4.99,8.36,214.07,10.94
2026-06-04 14:51:30,Kolkata,28.21,65,Clouds,4,62.89,76.27,290.59,2.97
2026-06-04 14:51:31,Vijayawada,36.67,37,Clouds,2,18.89,24.04,271.7,8.16
2026-06-04 14:51:32,Pune,30.22,45,Clouds,1,2.25,3.13,84.89,1.48
2026-06-04 14:51:33,Ahmedabad,34,51,Clear,2,7.72,26.37,107.11,2.49
2026-06-04 14:51:33,Jaipur,28.19,47,Clouds,2,13.72,25.09,180.33,6.84
2026-06-04 14:56:34,Delhi,38.47,18,Clouds,2,19.41,33.43,307.56,16.18
2026-06-04 14:56:35,Mumbai,30.58,77,Clear,1,3.24,7.17,76.56,0.05
2026-06-04 14:56:35,Hyderabad,28.45,57,Clouds,2,7.34,9.09,154.34,8.48
2026-06-04 14:56:36,Chennai,31.95,74,Clouds,1,7.87,10.45,228.52,19.49
2026-06-04 14:56:37,Bangalore,25.75,75,Clouds,1,4.99,8.36,214.07,10.94
2026-06-04 14:56:38,Kolkata,28.21,65,Clouds,4,62.89,76.27,290.59,2.97
2026-06-04 14:56:38,Vijayawada,36.67,37,Clouds,2,18.89,24.04,271.7,8.16
2026-06-04 14:56:39,Pune,30.22,45,Clouds,1,2.25,3.13,84.89,1.48
2026-06-04 14:56:40,Ahmedabad,34,51,Clear,2,7.72,26.37,107.11,2.49
2026-06-04 14:56:40,Jaipur,28.19,47,Clouds,2,13.72,25.09,180.33,6.84
2026-06-04 15:01:41,Delhi,38.47,18,Clouds,2,19.41,33.43,307.56,16.18
2026-06-04 15:01:44,Mumbai,30.58,77,Clear,1,3.24,7.17,76.56,0.05
2026-06-04 15:01:47,Hyderabad,28.45,57,Clouds,2,7.34,9.09,154.34,8.48
2026-06-04 15:01:47,Chennai,31.95,74,Clouds,1,7.87,10.45,228.52,19.49
2026-06-04 15:01:48,Bangalore,25.75,75,Clouds,1,4.99,8.36,214.07,10.94
2026-06-04 15:01:50,Kolkata,28.21,65,Clouds,4,62.89,76.27,290.59,2.97
2026-06-04 15:01:51,Vijayawada,36.67,37,Clouds,2,18.89,24.04,271.7,8.16
2026-06-04 15:01:52,Pune,30.22,45,Clouds,1,2.25,3.13,84.89,1.48
2026-06-04 15:01:53,Ahmedabad,34,51,Clear,2,7.72,26.37,107.11,2.49
2026-06-04 15:01:54,Jaipur,28.19,47,Clouds,2,13.72,25.09,180.33,6.84
2026-06-04 15:06:55,Delhi,38.47,18,Clouds,2,19.41,33.43,307.56,16.18
2026-06-04 15:06:56,Mumbai,30.58,77,Clear,1,3.24,7.17,76.56,0.05
2026-06-04 15:06:56,Hyderabad,28.45,57,Clouds,2,7.34,9.09,154.34,8.48
2026-06-04 15:06:57,Chennai,31.94,75,Clouds,1,7.87,10.45,228.52,19.49
2026-06-04 15:06:58,Bangalore,25.75,74,Clouds,1,4.99,8.36,214.07,10.94
2026-06-04 15:06:58,Kolkata,28.21,65,Clouds,4,62.89,76.27,290.59,2.97
2026-06-04 15:06:59,Vijayawada,36.67,37,Clouds,2,18.89,24.04,271.7,8.16
2026-06-04 15:06:59,Pune,30.22,45,Clouds,1,2.25,3.13,84.89,1.48
2026-06-04 15:07:00,Ahmedabad,34,51,Clear,2,7.72,26.37,107.11,2.49
2026-06-04 15:07:00,Jaipur,28.19,47,Clouds,2,13.72,25.09,180.33,6.84
2026-06-04 15:12:01,Delhi,38.47,18,Clouds,2,19.41,33.43,307.56,16.18
2026-06-04 15:12:01,Mumbai,30.58,77,Clear,1,3.24,7.17,76.56,0.05
2026-06-04 15:12:02,Hyderabad,28.45,57,Clouds,2,7.34,9.09,154.34,8.48
2026-06-04 15:12:03,Chennai,31.94,75,Clouds,1,7.87,10.45,228.52,19.49
2026-06-04 15:12:03,Bangalore,25.75,74,Clouds,1,4.99,8.36,214.07,10.94
2026-06-04 15:12:04,Kolkata,28.21,65,Clouds,4,62.89,76.27,290.59,2.97
2026-06-04 15:12:05,Vijayawada,36.67,37,Clouds,2,18.89,24.04,271.7,8.16
2026-06-04 15:12:05,Pune,29.67,47,Clouds,1,2.25,3.13,84.89,1.48
2026-06-04 15:12:06,Ahmedabad,34,51,Clear,2,7.72,26.37,107.11,2.49
2026-06-04 15:12:07,Jaipur,28.19,47,Clouds,2,13.72,25.09,180.33,6.84
2026-06-04 15:17:08,Delhi,38.47,18,Clouds,2,19.41,33.43,307.56,16.18
2026-06-04 15:17:09,Mumbai,30.58,77,Clear,1,3.24,7.17,76.56,0.05
2026-06-04 15:17:09,Hyderabad,28.45,57,Clouds,2,7.34,9.09,154.34,8.48
2026-06-04 15:17:10,Chennai,31.49,76,Clouds,1,7.87,10.45,228.52,19.49
2026-06-04 15:17:11,Bangalore,23.08,86,Clouds,1,4.99,8.36,214.07,10.94
2026-06-04 15:17:11,Kolkata,28.21,65,Clouds,4,62.89,76.27,290.59,2.97
2026-06-04 15:17:12,Vijayawada,36.67,37,Clouds,2,18.89,24.04,271.7,8.16
2026-06-04 15:17:12,Pune,29.67,47,Clouds,1,2.25,3.13,84.89,1.48
2026-06-04 15:17:13,Ahmedabad,34,51,Clear,2,7.72,26.37,107.11,2.49
2026-06-04 15:17:14,Jaipur,28.19,47,Clouds,2,13.72,25.09,180.33,6.84
2026-06-04 15:22:14,Delhi,38.47,18,Clouds,2,19.41,33.43,307.56,16.18
2026-06-04 15:22:15,Mumbai,30.58,77,Clear,1,3.24,7.17,76.56,0.05
2026-06-04 15:22:16,Hyderabad,28.45,57,Clouds,2,7.34,9.09,154.34,8.48
2026-06-04 15:22:16,Chennai,31.49,76,Clouds,1,7.87,10.45,228.52,19.49
2026-06-04 15:22:17,Bangalore,23.08,86,Clouds,1,4.99,8.36,214.07,10.94
2026-06-04 15:22:17,Kolkata,28.21,65,Clouds,4,62.89,76.27,290.59,2.97
2026-06-04 15:22:18,Vijayawada,36.67,37,Clouds,2,18.89,24.04,271.7,8.16
2026-06-04 15:22:19,Pune,29.67,47,Clouds,1,2.25,3.13,84.89,1.48
2026-06-04 15:22:20,Ahmedabad,34,51,Clear,2,7.72,26.37,107.11,2.49
2026-06-04 15:22:20,Jaipur,28.19,47,Clouds,2,13.72,25.09,180.33,6.84
2026-06-04 15:27:21,Delhi,38.47,18,Clouds,2,19.41,33.43,307.56,16.18
2026-06-04 15:27:22,Mumbai,30.58,77,Clear,1,3.24,7.17,76.56,0.05
2026-06-04 15:27:23,Hyderabad,28.45,57,Clouds,2,7.34,9.09,154.34,8.48
2026-06-04 15:27:24,Chennai,31.49,76,Clouds,1,7.87,10.45,228.52,19.49
2026-06-04 15:27:24,Bangalore,23.08,86,Clouds,1,4.99,8.36,214.07,10.94
2026-06-04 15:27:25,Kolkata,28.21,65,Clouds,4,62.89,76.27,290.59,2.97
2026-06-04 15:27:26,Vijayawada,36.67,37,Clouds,2,18.89,24.04,271.7,8.16
2026-06-04 15:27:26,Pune,29.67,47,Clouds,1,2.25,3.13,84.89,1.48
2026-06-04 15:27:27,Ahmedabad,34,51,Clear,2,7.72,26.37,107.11,2.49
2026-06-04 15:27:28,Jaipur,28.19,47,Clouds,2,13.72,25.09,180.33,6.84
2026-06-04 15:32:29,Delhi,38.47,18,Clouds,2,20.11,35.8,337.1,17.21
2026-06-04 15:32:29,Mumbai,30.58,77,Clear,1,3.16,7.1,76.49,0.05
2026-06-04 15:32:30,Hyderabad,28.45,57,Clouds,2,6.24,7.78,158.66,8.71
2026-06-04 15:32:31,Chennai,31.49,77,Clouds,1,9,11.96,236.69,19.81
2026-06-04 15:32:31,Bangalore,23.08,86,Clouds,1,5.14,8.8,219.88,10.74
2026-06-04 15:32:32,Kolkata,29.07,63,Clouds,4,62.72,75.11,292.83,2.85
2026-06-04 15:32:33,Vijayawada,36.67,37,Clouds,2,20.76,26.56,293.49,8.18
2026-06-04 15:32:33,Pune,29.67,47,Clouds,1,2.18,2.99,86.02,1.68
2026-06-04 15:32:34,Ahmedabad,33.9,53,Clear,2,8.03,28.81,106.11,2.63
2026-06-04 15:32:35,Jaipur,29.07,44,Clouds,2,13.58,23.62,176,5.69
2026-06-04 15:37:35,Delhi,37.49,22,Clouds,2,20.11,35.8,337.1,17.21
2026-06-04 15:37:36,Mumbai,30.58,77,Clear,1,3.16,7.1,76.49,0.05
2026-06-04 15:37:36,Hyderabad,30.72,48,Clouds,2,6.24,7.78,158.66,8.71
2026-06-04 15:37:37,Chennai,31.49,77,Clouds,1,9,11.96,236.69,19.81
2026-06-04 15:37:37,Bangalore,23.08,86,Clouds,1,5.14,8.8,219.88,10.74
2026-06-04 15:37:38,Kolkata,29.07,63,Clouds,4,62.72,75.11,292.83,2.85
2026-06-04 15:37:38,Vijayawada,36.67,37,Clouds,2,20.76,26.56,293.49,8.18
2026-06-04 15:37:39,Pune,29.67,47,Clouds,1,2.18,2.99,86.02,1.68
2026-06-04 15:37:39,Ahmedabad,33.9,53,Clear,2,8.03,28.81,106.11,2.63
2026-06-04 15:37:40,Jaipur,29.07,44,Clouds,2,13.58,23.62,176,5.69
2026-06-04 15:42:41,Delhi,37.49,22,Clouds,2,20.11,35.8,337.1,17.21
2026-06-04 15:42:41,Mumbai,30.49,76,Clear,1,3.16,7.1,76.49,0.05
2026-06-04 15:42:42,Hyderabad,30.72,48,Clouds,2,6.24,7.78,158.66,8.71
2026-06-04 15:42:43,Chennai,31.65,77,Clouds,1,9,11.96,236.69,19.81
2026-06-04 15:42:43,Bangalore,23.08,86,Clouds,1,5.14,8.8,219.88,10.74
2026-06-04 15:42:44,Kolkata,29.07,63,Clouds,4,62.72,75.11,292.83,2.85
2026-06-04 15:42:45,Vijayawada,35.42,43,Clouds,2,20.76,26.56,293.49,8.18
2026-06-04 15:42:45,Pune,29.67,47,Clouds,1,2.18,2.99,86.02,1.68
2026-06-04 15:42:46,Ahmedabad,33.9,53,Clear,2,8.03,28.81,106.11,2.63
2026-06-04 15:42:47,Jaipur,29.07,44,Clouds,2,13.58,23.62,176,5.69
2026-06-04 15:47:48,Delhi,37.49,22,Clouds,2,20.11,35.8,337.1,17.21
2026-06-04 15:47:48,Mumbai,30.49,76,Clear,1,3.16,7.1,76.49,0.05
2026-06-04 15:47:49,Hyderabad,30.72,48,Clouds,2,6.24,7.78,158.66,8.71
2026-06-04 15:47:49,Chennai,31.65,77,Clouds,1,9,11.96,236.69,19.81
2026-06-04 15:47:50,Bangalore,23.08,86,Clouds,1,5.14,8.8,219.88,10.74
2026-06-04 15:47:50,Kolkata,29.07,63,Clouds,4,62.72,75.11,292.83,2.85
2026-06-04 15:47:51,Vijayawada,35.42,43,Clouds,2,20.76,26.56,293.49,8.18
2026-06-04 15:47:51,Pune,29.67,47,Clouds,1,2.18,2.99,86.02,1.68
2026-06-04 15:47:52,Ahmedabad,33.9,53,Clear,2,8.03,28.81,106.11,2.63
2026-06-04 15:47:52,Jaipur,29.07,44,Clouds,2,13.58,23.62,176,5.69
2026-06-04 15:52:53,Delhi,37.49,22,Clouds,2,20.11,35.8,337.1,17.21
2026-06-04 15:52:54,Mumbai,30.49,76,Clear,1,3.16,7.1,76.49,0.05
2026-06-04 15:52:55,Hyderabad,30.72,48,Clouds,2,6.24,7.78,158.66,8.71
2026-06-04 15:52:55,Chennai,31.48,78,Clouds,1,9,11.96,236.69,19.81
2026-06-04 15:52:56,Bangalore,23.08,86,Clouds,1,5.14,8.8,219.88,10.74
2026-06-04 15:52:57,Kolkata,29.07,63,Clouds,4,62.72,75.11,292.83,2.85
2026-06-04 15:52:57,Vijayawada,35.42,43,Clouds,2,20.76,26.56,293.49,8.18
2026-06-04 15:52:58,Pune,29.67,47,Clouds,1,2.18,2.99,86.02,1.68
2026-06-04 15:52:59,Ahmedabad,33.9,53,Clear,2,8.03,28.81,106.11,2.63
2026-06-04 15:52:59,Jaipur,29.07,44,Clouds,2,13.58,23.62,176,5.69
2026-06-04 15:58:00,Delhi,37.49,22,Clouds,2,20.11,35.8,337.1,17.21
2026-06-04 15:58:01,Mumbai,30.49,76,Clear,1,3.16,7.1,76.49,0.05
2026-06-04 15:58:02,Hyderabad,30.72,48,Clouds,2,6.24,7.78,158.66,8.71
2026-06-04 15:58:03,Chennai,31.48,78,Clouds,1,9,11.96,236.69,19.81
2026-06-04 15:58:04,Bangalore,23.08,86,Clouds,1,5.14,8.8,219.88,10.74
2026-06-04 15:58:05,Kolkata,29.07,63,Clouds,4,62.72,75.11,292.83,2.85
2026-06-04 15:58:05,Vijayawada,35.42,43,Clouds,2,20.76,26.56,293.49,8.18
2026-06-04 15:58:06,Pune,29.11,47,Clouds,1,2.18,2.99,86.02,1.68
2026-06-04 15:58:06,Ahmedabad,33.9,53,Clear,2,8.03,28.81,106.11,2.63
2026-06-04 15:58:07,Jaipur,29.07,44,Clouds,2,13.58,23.62,176,5.69
2026-06-04 16:03:08,Delhi,37.49,22,Clouds,2,20.11,35.8,337.1,17.21
2026-06-04 16:03:08,Mumbai,30.49,76,Clear,1,3.16,7.1,76.49,0.05
2026-06-04 16:03:09,Hyderabad,30.72,48,Clouds,2,6.24,7.78,158.66,8.71
2026-06-04 16:03:09,Chennai,31.48,78,Clouds,1,9,11.96,236.69,19.81
2026-06-04 16:03:10,Bangalore,23.08,86,Clouds,1,5.14,8.8,219.88,10.74
2026-06-04 16:03:10,Kolkata,29.07,63,Clouds,4,62.72,75.11,292.83,2.85
2026-06-04 16:03:11,Vijayawada,35.42,43,Clouds,2,20.76,26.56,293.49,8.18
2026-06-04 16:03:11,Pune,29.11,47,Clouds,1,2.18,2.99,86.02,1.68
2026-06-04 16:03:12,Ahmedabad,33.9,53,Clear,2,8.03,28.81,106.11,2.63
2026-06-04 16:03:12,Jaipur,29.07,44,Clouds,2,13.58,23.62,176,5.69
2026-06-04 16:08:13,Delhi,37.49,22,Clouds,2,20.11,35.8,337.1,17.21
2026-06-04 16:08:14,Mumbai,30.49,76,Clear,1,3.16,7.1,76.49,0.05
2026-06-04 16:08:15,Hyderabad,30.72,48,Clouds,2,6.24,7.78,158.66,8.71
2026-06-04 16:08:15,Chennai,31.48,78,Clouds,1,9,11.96,236.69,19.81
2026-06-04 16:08:16,Bangalore,23.08,86,Clouds,1,5.14,8.8,219.88,10.74
2026-06-04 16:08:17,Kolkata,29.07,63,Clouds,4,62.72,75.11,292.83,2.85
2026-06-04 16:08:18,Vijayawada,35.42,43,Clouds,2,20.76,26.56,293.49,8.18
2026-06-04 16:08:18,Pune,29.11,47,Clouds,1,2.18,2.99,86.02,1.68
2026-06-04 16:08:19,Ahmedabad,33.9,53,Clear,2,8.03,28.81,106.11,2.63
2026-06-04 16:08:20,Jaipur,29.07,44,Clouds,2,13.58,23.62,176,5.69
2026-06-04 16:13:22,Delhi,37.49,22,Clouds,2,20.11,35.8,337.1,17.21
2026-06-04 16:13:22,Mumbai,30.49,76,Clear,1,3.16,7.1,76.49,0.05
2026-06-04 16:13:22,Hyderabad,30.72,48,Clouds,2,6.24,7.78,158.66,8.71
2026-06-04 16:13:24,Chennai,31.48,78,Clouds,1,9,11.96,236.69,19.81
2026-06-04 16:13:26,Bangalore,23.08,86,Clouds,1,5.14,8.8,219.88,10.74
2026-06-04 16:13:27,Kolkata,29.07,63,Clouds,4,62.72,75.11,292.83,2.85
2026-06-04 16:13:28,Vijayawada,35.42,43,Clouds,2,20.76,26.56,293.49,8.18
2026-06-04 16:13:29,Pune,29.11,47,Clouds,1,2.18,2.99,86.02,1.68
2026-06-04 16:13:30,Ahmedabad,33.9,53,Clear,2,8.03,28.81,106.11,2.63
2026-06-04 16:13:30,Jaipur,29.07,44,Clouds,2,13.58,23.62,176,5.69
2026-06-04 16:18:31,Delhi,37.49,22,Clouds,2,20.11,35.8,337.1,17.21
2026-06-04 16:18:32,Mumbai,30.49,76,Clear,1,3.16,7.1,76.49,0.05
2026-06-04 16:18:32,Hyderabad,30.72,48,Clouds,2,6.24,7.78,158.66,8.71
2026-06-04 16:18:33,Chennai,31.48,79,Clouds,1,9,11.96,236.69,19.81
2026-06-04 16:18:34,Bangalore,23.44,83,Clouds,1,5.14,8.8,219.88,10.74
2026-06-04 16:18:35,Kolkata,29.07,63,Clouds,4,62.72,75.11,292.83,2.85
2026-06-04 16:18:35,Vijayawada,35.42,43,Clouds,2,20.76,26.56,293.49,8.18
2026-06-04 16:18:35,Pune,29.11,48,Clouds,1,2.18,2.99,86.02,1.68
2026-06-04 16:18:36,Ahmedabad,33.9,53,Clear,2,8.03,28.81,106.11,2.63
2026-06-04 16:18:37,Jaipur,29.07,44,Clouds,2,13.58,23.62,176,5.69
2026-06-04 16:23:38,Delhi,37.49,22,Clouds,2,20.11,35.8,337.1,17.21
2026-06-04 16:23:38,Mumbai,30.49,76,Clear,1,3.16,7.1,76.49,0.05
2026-06-04 16:23:39,Hyderabad,30.72,48,Clouds,2,6.24,7.78,158.66,8.71
2026-06-04 16:23:39,Chennai,31.48,79,Clouds,1,9,11.96,236.69,19.81
2026-06-04 16:23:40,Bangalore,23.44,83,Clouds,1,5.14,8.8,219.88,10.74
2026-06-04 16:23:40,Kolkata,29.07,63,Clouds,4,62.72,75.11,292.83,2.85
2026-06-04 16:23:41,Vijayawada,35.42,43,Clouds,2,20.76,26.56,293.49,8.18
2026-06-04 16:23:42,Pune,29.11,48,Clouds,1,2.18,2.99,86.02,1.68
2026-06-04 16:23:42,Ahmedabad,33.9,53,Clear,2,8.03,28.81,106.11,2.63
2026-06-04 16:23:43,Jaipur,29.07,44,Clouds,2,13.58,23.62,176,5.69
2026-06-04 16:28:43,Delhi,37.49,22,Clouds,2,20.11,35.8,337.1,17.21
2026-06-04 16:28:44,Mumbai,30.49,76,Clear,1,3.16,7.1,76.49,0.05
2026-06-04 16:28:44,Hyderabad,30.72,48,Clouds,2,6.24,7.78,158.66,8.71
2026-06-04 16:28:45,Chennai,31.48,79,Clouds,1,9,11.96,236.69,19.81
2026-06-04 16:28:46,Bangalore,23.37,83,Clouds,1,5.14,8.8,219.88,10.74
2026-06-04 16:28:46,Kolkata,29.07,63,Clouds,4,62.72,75.11,292.83,2.85
2026-06-04 16:28:47,Vijayawada,35.42,43,Clouds,2,20.76,26.56,293.49,8.18
2026-06-04 16:28:48,Pune,29.11,48,Clouds,1,2.18,2.99,86.02,1.68
2026-06-04 16:28:48,Ahmedabad,33.9,53,Clear,2,8.03,28.81,106.11,2.63
2026-06-04 16:28:49,Jaipur,29.07,44,Clouds,2,13.58,23.62,176,5.69
2026-06-04 16:33:50,Delhi,37.49,22,Clouds,2,20.11,35.8,337.1,17.21
2026-06-04 16:33:50,Mumbai,30.49,76,Clear,1,3.13,7.09,76.5,0.05
2026-06-04 16:33:51,Hyderabad,30.72,48,Clouds,2,6.24,7.78,158.66,8.71
2026-06-04 16:33:51,Chennai,31.48,79,Clouds,1,9,11.96,236.69,19.81
2026-06-04 16:33:52,Bangalore,23.37,83,Clouds,1,5.14,8.8,219.88,10.74
2026-06-04 16:33:52,Kolkata,29.19,71,Clouds,4,62.72,75.11,292.83,2.85
2026-06-04 16:33:53,Vijayawada,35.42,43,Clouds,2,20.76,26.56,293.49,8.18
2026-06-04 16:33:53,Pune,29.11,48,Clouds,1,2.18,2.99,86.02,1.68
2026-06-04 16:33:54,Ahmedabad,34.49,49,Clear,2,8.03,28.81,106.11,2.63
2026-06-04 16:33:54,Jaipur,29.07,44,Clouds,2,13.58,23.62,176,5.69
2026-06-04 16:49:49,Delhi,35.63,29,Clouds,2,20.85,37.44,355.15,16.99
2026-06-04 16:49:50,Mumbai,30.42,77,Clouds,1,3.13,7.09,76.5,0.05
2026-06-04 16:49:51,Hyderabad,30.98,49,Clouds,1,5.4,6.89,163.35,8.59
2026-06-04 16:49:51,Chennai,31.48,78,Clouds,2,10.51,14.23,253.45,20.35
2026-06-04 16:49:52,Bangalore,22.99,86,Clouds,1,5.17,9,225.21,10.61
2026-06-04 16:49:53,Kolkata,29.19,71,Clouds,4,62.95,75.12,290.78,2.63
2026-06-04 16:49:53,Vijayawada,34.18,49,Clouds,2,21.36,26.99,300.61,7.57
2026-06-04 16:49:54,Pune,29.11,48,Clouds,1,2.14,2.9,88.98,2.08
2026-06-04 16:49:55,Ahmedabad,34.49,49,Clear,2,8.76,32.37,106.56,2.79
2026-06-04 16:49:55,Jaipur,27.3,51,Clouds,2,13.94,23.2,181.78,5.56
2026-06-04 16:54:56,Delhi,35.63,29,Clouds,2,20.85,37.44,355.15,16.99
2026-06-04 16:54:56,Mumbai,30.42,77,Clouds,1,3.13,7.09,76.5,0.05
2026-06-04 16:54:57,Hyderabad,30.98,49,Clouds,1,5.4,6.89,163.35,8.59
2026-06-04 16:54:57,Chennai,31.5,78,Clouds,2,10.51,14.23,253.45,20.35
2026-06-04 16:54:58,Bangalore,22.99,86,Clouds,1,5.17,9,225.21,10.61
2026-06-04 16:54:58,Kolkata,29.19,71,Clouds,4,62.95,75.12,290.78,2.63
2026-06-04 16:54:59,Vijayawada,34.18,49,Clouds,2,21.36,26.99,300.61,7.57
2026-06-04 16:54:59,Pune,29.11,48,Clouds,1,2.14,2.9,88.98,2.08
2026-06-04 16:55:00,Ahmedabad,34.49,49,Clear,2,8.76,32.37,106.56,2.79
2026-06-04 16:55:00,Jaipur,27.3,51,Clouds,2,13.94,23.2,181.78,5.56
2026-06-04 17:00:01,Delhi,35.63,29,Clouds,2,20.85,37.44,355.15,16.99
2026-06-04 17:00:02,Mumbai,30.42,77,Clouds,1,3.13,7.09,76.5,0.05
2026-06-04 17:00:03,Hyderabad,30.98,49,Clouds,1,5.4,6.89,163.35,8.59
2026-06-04 17:00:04,Chennai,31.5,78,Clouds,2,10.51,14.23,253.45,20.35
2026-06-04 17:00:04,Bangalore,22.99,86,Clouds,1,6.15,10.99,251.72,11.95
2026-06-04 17:00:04,Kolkata,29.19,71,Clouds,4,62.95,75.12,290.78,2.63
2026-06-04 17:00:05,Vijayawada,34.18,49,Clouds,2,21.36,26.99,300.61,7.57
2026-06-04 17:00:06,Pune,29.11,48,Clouds,1,2.14,2.9,88.98,2.08
2026-06-04 17:00:07,Ahmedabad,34.49,49,Clear,2,8.76,32.37,106.56,2.79
2026-06-04 17:00:08,Jaipur,27.3,51,Clouds,2,13.94,23.2,181.78,5.56
2026-06-04 17:05:08,Delhi,35.63,29,Clouds,2,20.85,37.44,355.15,16.99
2026-06-04 17:05:09,Mumbai,30.42,77,Clouds,1,3.13,7.09,76.5,0.05
2026-06-04 17:05:09,Hyderabad,30.98,49,Clouds,1,5.4,6.89,163.35,8.59
2026-06-04 17:05:10,Chennai,31.5,78,Clouds,2,10.51,14.23,253.45,20.35
2026-06-04 17:05:11,Bangalore,22.99,86,Clouds,1,6.15,10.99,251.72,11.95
2026-06-04 17:05:11,Kolkata,29.19,71,Clouds,4,62.95,75.12,290.78,2.63
2026-06-04 17:05:12,Vijayawada,34.18,49,Clouds,2,21.36,26.99,300.61,7.57
2026-06-04 17:05:12,Pune,28.56,49,Clouds,1,2.14,2.9,88.98,2.08
2026-06-04 17:05:13,Ahmedabad,34.49,49,Clear,2,8.76,32.37,106.56,2.79
2026-06-04 17:05:13,Jaipur,27.3,51,Clouds,2,13.94,23.2,181.78,5.56
2026-06-04 17:10:14,Delhi,35.63,29,Clouds,2,20.85,37.44,355.15,16.99
2026-06-04 17:10:15,Mumbai,30.42,77,Clouds,1,3.13,7.09,76.5,0.05
2026-06-04 17:10:16,Hyderabad,30.98,49,Clouds,1,5.4,6.89,163.35,8.59
2026-06-04 17:10:17,Chennai,31.5,78,Clouds,2,10.51,14.23,253.45,20.35
2026-06-04 17:10:17,Bangalore,22.52,86,Clouds,1,5.17,9,225.21,10.61
2026-06-04 17:10:18,Kolkata,29.19,71,Clouds,4,62.95,75.12,290.78,2.63
2026-06-04 17:10:18,Vijayawada,34.18,49,Clouds,2,21.36,26.99,300.61,7.57
2026-06-04 17:10:19,Pune,28.56,49,Clouds,1,2.14,2.9,88.98,2.08
2026-06-04 17:10:20,Ahmedabad,34.49,49,Clear,2,8.76,32.37,106.56,2.79
2026-06-04 17:10:20,Jaipur,27.3,51,Clouds,2,13.94,23.2,181.78,5.56
2026-06-04 17:15:21,Delhi,35.63,29,Clouds,2,20.85,37.44,355.15,16.99
2026-06-04 17:15:22,Mumbai,30.42,77,Clouds,1,3.13,7.09,76.5,0.05
2026-06-04 17:15:22,Hyderabad,30.98,49,Clouds,1,5.4,6.89,163.35,8.59
2026-06-04 17:15:23,Chennai,31.5,78,Clouds,2,10.51,14.23,253.45,20.35
2026-06-04 17:15:23,Bangalore,22.52,86,Clouds,1,5.17,9,225.21,10.61
2026-06-04 17:15:24,Kolkata,29.19,71,Clouds,4,62.95,75.12,290.78,2.63
2026-06-04 17:15:24,Vijayawada,34.18,49,Clouds,2,21.36,26.99,300.61,7.57
2026-06-04 17:15:25,Pune,28.56,50,Clouds,1,2.14,2.9,88.98,2.08
2026-06-04 17:15:25,Ahmedabad,34.49,49,Clear,2,8.76,32.37,106.56,2.79
2026-06-04 17:15:26,Jaipur,27.3,51,Clouds,2,13.94,23.2,181.78,5.56
2026-06-04 17:20:27,Delhi,35.63,29,Clouds,2,20.85,37.44,355.15,16.99
2026-06-04 17:20:28,Mumbai,30.42,77,Clouds,1,3.13,7.09,76.5,0.05
2026-06-04 17:20:29,Hyderabad,30.98,49,Clouds,1,5.4,6.89,163.35,8.59
2026-06-04 17:20:30,Chennai,31.5,78,Clouds,2,10.51,14.23,253.45,20.35
2026-06-04 17:20:31,Bangalore,22.44,86,Clouds,1,5.17,9,225.21,10.61
2026-06-04 17:20:31,Kolkata,29.19,71,Clouds,4,62.95,75.12,290.78,2.63
2026-06-04 17:20:32,Vijayawada,34.18,49,Clouds,2,21.36,26.99,300.61,7.57
2026-06-04 17:20:33,Pune,28.56,50,Clouds,1,2.14,2.9,88.98,2.08
2026-06-04 17:20:33,Ahmedabad,34.49,49,Clear,2,8.76,32.37,106.56,2.79
2026-06-04 17:20:34,Jaipur,27.3,51,Clouds,2,13.94,23.2,181.78,5.56
2026-06-04 17:25:34,Delhi,35.63,29,Clouds,2,20.85,37.44,355.15,16.99
2026-06-04 17:25:35,Mumbai,30.42,77,Clouds,1,3.13,7.09,76.5,0.05
2026-06-04 17:25:35,Hyderabad,30.98,49,Clouds,1,5.4,6.89,163.35,8.59
2026-06-04 17:25:36,Chennai,31.79,77,Clouds,2,10.51,14.23,253.45,20.35
2026-06-04 17:25:36,Bangalore,22.44,86,Clouds,1,5.17,9,225.21,10.61
2026-06-04 17:25:37,Kolkata,29.19,71,Clouds,4,62.95,75.12,290.78,2.63
2026-06-04 17:25:37,Vijayawada,34.18,49,Clouds,2,21.36,26.99,300.61,7.57
2026-06-04 17:25:38,Pune,28.56,50,Clouds,1,2.14,2.9,88.98,2.08
2026-06-04 17:25:39,Ahmedabad,34.49,49,Clear,2,8.76,32.37,106.56,2.79
2026-06-04 17:25:40,Jaipur,27.3,51,Clouds,2,13.94,23.2,181.78,5.56
2026-06-04 17:30:40,Delhi,35.63,29,Clouds,2,21.5,38.15,361.16,16.45
2026-06-04 17:30:41,Mumbai,30.42,77,Clouds,1,3.16,7.19,76.51,0.05
2026-06-04 17:30:42,Hyderabad,30.98,49,Clouds,1,4.62,6.04,166.04,8.52
2026-06-04 17:30:43,Chennai,31.79,77,Clouds,2,10.51,14.23,253.45,20.35
2026-06-04 17:30:43,Bangalore,22.44,86,Clouds,1,4.98,8.57,224.45,10.35
2026-06-04 17:30:44,Kolkata,29.19,71,Clouds,4,63.61,76.09,284.59,2.33
2026-06-04 17:30:45,Vijayawada,34.18,49,Clouds,2,19.87,24.47,289.58,6.77
2026-06-04 17:30:45,Pune,28.56,49,Clouds,1,2.14,2.9,88.98,2.08
2026-06-04 17:30:46,Ahmedabad,34.49,49,Clear,2,9.59,35.74,105.91,2.84
2026-06-04 17:30:47,Jaipur,28.15,49,Clouds,2,14.45,23.51,187.22,5.65
2026-06-04 17:35:47,Delhi,35.63,29,Clouds,2,21.5,38.15,361.16,16.45
2026-06-04 17:35:48,Mumbai,30.34,77,Clouds,1,3.16,7.19,76.51,0.05
2026-06-04 17:35:48,Hyderabad,30.98,49,Clouds,1,4.62,6.04,166.04,8.52
2026-06-04 17:35:49,Chennai,31.79,77,Clouds,2,11.94,16.14,267.99,20.66
2026-06-04 17:35:50,Bangalore,22.44,86,Clouds,1,4.98,8.57,224.45,10.35
2026-06-04 17:35:50,Kolkata,30.06,74,Clouds,4,63.61,76.09,284.59,2.33
2026-06-04 17:35:51,Vijayawada,34.18,49,Clouds,2,19.87,24.47,289.58,6.77
2026-06-04 17:35:51,Pune,28.56,49,Clouds,1,2.1,2.79,91.16,2.47
2026-06-04 17:35:52,Ahmedabad,34.49,49,Clear,2,9.59,35.74,105.91,2.84
2026-06-04 17:35:52,Jaipur,28.15,49,Clouds,2,14.45,23.51,187.22,5.65
2026-06-04 17:40:53,Delhi,35.16,29,Clouds,2,21.5,38.15,361.16,16.45
2026-06-04 17:40:54,Mumbai,30.34,77,Clouds,1,3.16,7.19,76.51,0.05
2026-06-04 17:40:55,Hyderabad,29.8,53,Clouds,1,4.62,6.04,166.04,8.52
2026-06-04 17:40:55,Chennai,31.9,76,Clouds,2,11.94,16.14,267.99,20.66
2026-06-04 17:40:56,Bangalore,22.73,84,Clouds,1,4.98,8.57,224.45,10.35
2026-06-04 17:40:57,Kolkata,30.06,74,Clouds,4,63.61,76.09,284.59,2.33
2026-06-04 17:40:58,Vijayawada,33.46,54,Clouds,2,19.87,24.47,289.58,6.77
2026-06-04 17:40:58,Pune,28.56,49,Clouds,1,2.1,2.79,91.16,2.47
2026-06-04 17:40:59,Ahmedabad,33.06,54,Clear,2,9.59,35.74,105.91,2.84
2026-06-04 17:41:00,Jaipur,28.15,49,Clouds,2,14.45,23.51,187.22,5.65
2026-06-04 17:46:00,Delhi,35.16,29,Clouds,2,21.5,38.15,361.16,16.45
2026-06-04 17:46:01,Mumbai,30.34,77,Clouds,1,3.16,7.19,76.51,0.05
2026-06-04 17:46:01,Hyderabad,29.8,53,Clouds,1,4.62,6.04,166.04,8.52
2026-06-04 17:46:02,Chennai,31.9,76,Clouds,2,11.94,16.14,267.99,20.66
2026-06-04 17:46:03,Bangalore,22.73,84,Clouds,1,4.98,8.57,224.45,10.35
2026-06-04 17:46:05,Kolkata,30.06,74,Clouds,4,63.61,76.09,284.59,2.33
2026-06-04 17:46:06,Vijayawada,33.46,54,Clouds,2,19.87,24.47,289.58,6.77
2026-06-04 17:46:07,Pune,28.56,49,Clouds,1,2.1,2.79,91.16,2.47
2026-06-04 17:46:07,Ahmedabad,33.06,54,Clear,2,9.59,35.74,105.91,2.84
2026-06-04 17:46:08,Jaipur,28.15,49,Clouds,2,14.45,23.51,187.22,5.65
2026-06-04 17:51:09,Delhi,35.16,29,Clouds,2,21.5,38.15,361.16,16.45
2026-06-04 17:51:10,Mumbai,30.34,77,Clouds,1,3.16,7.19,76.51,0.05
2026-06-04 17:51:11,Hyderabad,29.8,53,Clouds,1,4.62,6.04,166.04,8.52
2026-06-04 17:51:12,Chennai,31.9,76,Clouds,2,11.94,16.14,267.99,20.66
2026-06-04 17:51:12,Bangalore,22.44,87,Clouds,1,4.98,8.57,224.45,10.35
2026-06-04 17:51:13,Kolkata,30.06,74,Clouds,4,63.61,76.09,284.59,2.33
2026-06-04 17:51:14,Vijayawada,33.46,54,Clouds,2,19.87,24.47,289.58,6.77
2026-06-04 17:51:14,Pune,28.56,49,Clouds,1,2.1,2.79,91.16,2.47
2026-06-04 17:51:15,Ahmedabad,33.06,54,Clear,2,9.59,35.74,105.91,2.84
2026-06-04 17:51:16,Jaipur,28.15,49,Clouds,2,14.45,23.51,187.22,5.65
2026-06-04 17:56:17,Delhi,35.16,29,Clouds,2,21.5,38.15,361.16,16.45
2026-06-04 17:56:17,Mumbai,30.34,77,Clear,1,3.16,7.19,76.51,0.05
2026-06-04 17:56:18,Hyderabad,29.8,53,Clouds,1,4.62,6.04,166.04,8.52
2026-06-04 17:56:19,Chennai,31.9,76,Clouds,2,11.94,16.14,267.99,20.66
2026-06-04 17:56:19,Bangalore,22.44,87,Clouds,1,4.98,8.57,224.45,10.35
2026-06-04 17:56:20,Kolkata,30.06,74,Clouds,4,63.61,76.09,284.59,2.33
2026-06-04 17:56:20,Vijayawada,33.46,54,Clouds,2,19.87,24.47,289.58,6.77
2026-06-04 17:56:21,Pune,28.56,49,Clouds,1,2.1,2.79,91.16,2.47
2026-06-04 17:56:22,Ahmedabad,33.06,54,Clear,2,9.59,35.74,105.91,2.84
2026-06-04 17:56:22,Jaipur,28.15,49,Clouds,2,14.45,23.51,187.22,5.65
2026-06-04 18:01:23,Delhi,35.16,29,Clouds,2,21.5,38.15,361.16,16.45
2026-06-04 18:01:27,Mumbai,30.34,77,Clear,1,3.16,7.19,76.51,0.05
2026-06-04 18:01:28,Hyderabad,29.8,53,Clouds,1,4.62,6.04,166.04,8.52
2026-06-04 18:01:29,Chennai,31.94,76,Clouds,2,11.94,16.14,267.99,20.66
2026-06-04 18:01:30,Bangalore,21.96,89,Clouds,1,4.98,8.57,224.45,10.35
2026-06-04 18:01:31,Kolkata,30.06,74,Clouds,4,63.61,76.09,284.59,2.33
2026-06-04 18:01:31,Vijayawada,33.46,54,Clouds,2,19.87,24.47,289.58,6.77
2026-06-04 18:01:32,Pune,28.56,49,Clouds,1,2.1,2.79,91.16,2.47
2026-06-04 18:01:33,Ahmedabad,33.06,54,Clear,2,9.59,35.74,105.91,2.84
2026-06-04 18:01:33,Jaipur,28.15,49,Clouds,2,14.45,23.51,187.22,5.65
2026-06-04 18:06:34,Delhi,35.16,29,Clouds,2,21.5,38.15,361.16,16.45
2026-06-04 18:06:34,Mumbai,30.34,77,Clear,1,3.16,7.19,76.51,0.05
2026-06-04 18:06:35,Hyderabad,29.8,53,Clouds,1,4.62,6.04,166.04,8.52
2026-06-04 18:06:36,Chennai,31.94,76,Clouds,2,11.94,16.14,267.99,20.66
2026-06-04 18:06:36,Bangalore,21.96,89,Clouds,1,4.98,8.57,224.45,10.35
2026-06-04 18:06:37,Kolkata,30.06,74,Clouds,4,63.61,76.09,284.59,2.33
2026-06-04 18:06:37,Vijayawada,33.46,54,Clouds,2,19.87,24.47,289.58,6.77
2026-06-04 18:06:38,Pune,28.56,49,Clouds,1,2.1,2.79,91.16,2.47
2026-06-04 18:06:38,Ahmedabad,33.06,54,Clear,2,9.59,35.74,105.91,2.84
2026-06-04 18:06:39,Jaipur,28.15,49,Clouds,2,14.45,23.51,187.22,5.65
2026-06-04 18:11:40,Delhi,35.16,29,Clouds,2,21.5,38.15,361.16,16.45
2026-06-04 18:11:41,Mumbai,30.34,77,Clear,1,3.16,7.19,76.51,0.05
2026-06-04 18:11:41,Hyderabad,29.8,53,Clouds,1,4.62,6.04,166.04,8.52
2026-06-04 18:11:42,Chennai,31.9,75,Clouds,2,11.94,16.14,267.99,20.66
2026-06-04 18:11:43,Bangalore,21.72,89,Clouds,1,4.98,8.57,224.45,10.35
2026-06-04 18:11:44,Kolkata,30.06,74,Clouds,4,63.61,76.09,284.59,2.33
2026-06-04 18:11:44,Vijayawada,33.46,54,Clouds,2,19.87,24.47,289.58,6.77
2026-06-04 18:11:45,Pune,28.56,53,Clouds,1,2.1,2.79,91.16,2.47
2026-06-04 18:11:46,Ahmedabad,33.06,54,Clear,2,9.59,35.74,105.91,2.84
2026-06-04 18:11:46,Jaipur,28.15,49,Clouds,2,14.45,23.51,187.22,5.65
2026-06-04 18:16:47,Delhi,35.16,29,Clouds,2,21.5,38.15,361.16,16.45
2026-06-04 18:16:48,Mumbai,30.34,77,Clear,1,3.16,7.19,76.51,0.05
2026-06-04 18:16:48,Hyderabad,29.8,53,Clouds,1,4.62,6.04,166.04,8.52
2026-06-04 18:16:49,Chennai,31.9,75,Clouds,2,11.94,16.14,267.99,20.66
2026-06-04 18:16:49,Bangalore,21.72,89,Clouds,1,4.98,8.57,224.45,10.35
2026-06-04 18:16:50,Kolkata,30.06,74,Clouds,4,63.61,76.09,284.59,2.33
2026-06-04 18:16:51,Vijayawada,33.46,54,Clouds,2,19.87,24.47,289.58,6.77
2026-06-04 18:16:51,Pune,28.56,53,Clouds,1,2.1,2.79,91.16,2.47
2026-06-04 18:16:52,Ahmedabad,33.06,54,Clear,2,9.59,35.74,105.91,2.84
2026-06-04 18:16:52,Jaipur,28.15,49,Clouds,2,14.45,23.51,187.22,5.65
2026-06-04 18:21:54,Delhi,35.16,29,Clouds,2,21.5,38.15,361.16,16.45
2026-06-04 18:21:55,Mumbai,30.34,77,Clear,1,3.16,7.19,76.51,0.05
2026-06-04 18:21:55,Hyderabad,29.8,53,Clouds,1,4.62,6.04,166.04,8.52
2026-06-04 18:21:56,Chennai,31.94,75,Clouds,2,11.94,16.14,267.99,20.66
2026-06-04 18:21:57,Bangalore,21.72,89,Clouds,1,4.98,8.57,224.45,10.35
2026-06-04 18:21:57,Kolkata,30.06,74,Clouds,4,63.61,76.09,284.59,2.33
2026-06-04 18:21:58,Vijayawada,33.46,54,Clouds,2,19.87,24.47,289.58,6.77
2026-06-04 18:21:59,Pune,28.56,53,Clouds,1,2.1,2.79,91.16,2.47
2026-06-04 18:21:59,Ahmedabad,33.06,54,Clear,2,9.59,35.74,105.91,2.84
2026-06-04 18:22:00,Jaipur,28.15,49,Clouds,2,14.45,23.51,187.22,5.65
2026-06-04 18:27:01,Delhi,35.16,29,Clouds,2,21.5,38.15,361.16,16.45
2026-06-04 18:27:02,Mumbai,30.34,77,Clear,1,3.16,7.19,76.51,0.05
2026-06-04 18:27:03,Hyderabad,29.8,53,Clouds,1,4.62,6.04,166.04,8.52
2026-06-04 18:27:03,Chennai,31.94,75,Clouds,2,11.94,16.14,267.99,20.66
2026-06-04 18:27:04,Bangalore,21.72,89,Clouds,1,4.98,8.57,224.45,10.35
2026-06-04 18:27:04,Kolkata,30.06,74,Clouds,4,63.61,76.09,284.59,2.33
2026-06-04 18:27:05,Vijayawada,33.46,54,Clouds,2,19.87,24.47,289.58,6.77
2026-06-04 18:27:06,Pune,28.56,53,Clouds,1,2.1,2.79,91.16,2.47
2026-06-04 18:27:07,Ahmedabad,33.06,54,Clear,2,9.59,35.74,105.91,2.84
2026-06-04 18:27:07,Jaipur,28.15,49,Clouds,2,14.45,23.51,187.22,5.65
2026-06-04 18:32:08,Delhi,35.16,29,Clouds,2,21.5,38.15,361.16,16.45
2026-06-04 18:32:08,Mumbai,30.34,77,Clear,1,3.16,7.19,76.51,0.05
2026-06-04 18:32:09,Hyderabad,28.94,57,Clouds,1,4.62,6.04,166.04,8.52
2026-06-04 18:32:10,Chennai,31.94,75,Clouds,2,13.1,17.37,278.14,20.73
2026-06-04 18:32:10,Bangalore,21.72,90,Clouds,1,4.98,8.57,224.45,10.35
2026-06-04 18:32:11,Kolkata,30.54,76,Clouds,4,63.61,76.09,284.59,2.33
2026-06-04 18:32:11,Vijayawada,33.28,56,Clouds,2,19.87,24.47,289.58,6.77
2026-06-04 18:32:12,Pune,28.56,53,Clouds,1,2.1,2.79,91.16,2.47
2026-06-04 18:32:12,Ahmedabad,32.51,56,Clouds,2,9.59,35.74,105.91,2.84
2026-06-04 18:32:13,Jaipur,28.15,49,Clouds,2,14.45,23.51,187.22,5.65
2026-06-04 18:37:14,Delhi,35.16,29,Clouds,2,21.51,37.58,338.6,14.03
2026-06-04 18:37:14,Mumbai,30.34,77,Clear,1,3.26,7.55,76.25,0.05
2026-06-04 18:37:15,Hyderabad,28.94,57,Clouds,1,3.94,5.44,164.45,8.39
2026-06-04 18:37:16,Chennai,31.94,75,Clouds,2,13.1,17.37,278.14,20.73
2026-06-04 18:37:16,Bangalore,21.72,90,Clouds,1,4.78,7.91,216.45,9.86
2026-06-04 18:37:17,Kolkata,30.54,76,Clouds,4,64.72,77.81,277.28,1.91
2026-06-04 18:37:18,Vijayawada,33.28,56,Clouds,2,15.45,18.29,223.87,3.9
2026-06-04 18:37:19,Pune,28.56,53,Clouds,1,2.02,2.62,91.46,2.68
2026-06-04 18:37:19,Ahmedabad,32.51,56,Clouds,2,10.13,37.72,102.22,2.67
2026-06-04 18:37:20,Jaipur,28.82,48,Clouds,2,14.53,22.8,182.31,4.95
2026-06-04 18:42:21,Delhi,35.4,28,Clouds,2,21.51,37.58,338.6,14.03
2026-06-04 18:42:21,Mumbai,30.34,77,Clear,1,3.26,7.55,76.25,0.05
2026-06-04 18:42:22,Hyderabad,28.94,57,Clouds,1,3.94,5.44,164.45,8.39
2026-06-04 18:42:23,Chennai,31.94,75,Clouds,2,13.1,17.37,278.14,20.73
2026-06-04 18:42:23,Bangalore,21.72,90,Clouds,1,4.78,7.91,216.45,9.86
2026-06-04 18:42:24,Kolkata,30.54,76,Clouds,4,64.72,77.81,277.28,1.91
2026-06-04 18:42:24,Vijayawada,33.28,56,Clouds,2,15.45,18.29,223.87,3.9
2026-06-04 18:42:25,Pune,28.56,53,Clear,1,2.02,2.62,91.46,2.68
2026-06-04 18:42:25,Ahmedabad,32.51,56,Clouds,2,10.13,37.72,102.22,2.67
2026-06-04 18:42:26,Jaipur,28.82,48,Clouds,2,14.53,22.8,182.31,4.95
2026-06-04 18:47:28,Delhi,35.4,28,Clouds,2,21.51,37.58,338.6,14.03
2026-06-04 18:47:29,Mumbai,30.31,76,Clear,1,3.26,7.55,76.25,0.05
2026-06-04 18:47:30,Hyderabad,28.94,57,Clouds,1,3.94,5.44,164.45,8.39
2026-06-04 18:47:30,Chennai,31.94,75,Clouds,2,13.1,17.37,278.14,20.73
2026-06-04 18:47:31,Bangalore,21.72,90,Clouds,1,4.78,7.91,216.45,9.86
2026-06-04 18:47:33,Kolkata,30.54,76,Clouds,4,64.72,77.81,277.28,1.91
2026-06-04 18:47:34,Vijayawada,33.28,56,Clouds,2,15.45,18.29,223.87,3.9
2026-06-04 18:47:35,Pune,28.56,53,Clear,1,2.02,2.62,91.46,2.68
2026-06-04 18:47:37,Ahmedabad,32.51,56,Clouds,2,10.13,37.72,102.22,2.67
2026-06-04 18:47:40,Jaipur,28.82,48,Clouds,2,14.53,22.8,182.31,4.95
2026-06-04 18:52:42,Delhi,35.4,28,Clouds,2,21.51,37.58,338.6,14.03
2026-06-04 18:52:42,Mumbai,30.31,76,Clear,1,3.26,7.55,76.25,0.05
2026-06-04 18:52:43,Hyderabad,28.94,57,Clouds,1,3.94,5.44,164.45,8.39
2026-06-04 18:52:43,Chennai,31.94,75,Clouds,2,13.1,17.37,278.14,20.73
2026-06-04 18:52:44,Bangalore,21.72,90,Clouds,1,4.78,7.91,216.45,9.86
2026-06-04 18:52:44,Kolkata,30.54,76,Clouds,4,64.72,77.81,277.28,1.91
2026-06-04 18:52:45,Vijayawada,33.28,56,Clouds,2,15.45,18.29,223.87,3.9
2026-06-04 18:52:45,Pune,28.56,54,Clear,1,2.02,2.62,91.46,2.68
2026-06-04 18:52:46,Ahmedabad,32.51,56,Clouds,2,10.13,37.72,102.22,2.67
2026-06-04 18:52:46,Jaipur,28.82,48,Clouds,2,14.53,22.8,182.31,4.95
2026-06-04 18:57:47,Delhi,35.4,28,Clouds,2,21.51,37.58,338.6,14.03
2026-06-04 18:57:48,Mumbai,30.33,76,Clear,1,3.26,7.55,76.25,0.05
2026-06-04 18:57:49,Hyderabad,28.94,57,Clouds,1,3.94,5.44,164.45,8.39
2026-06-04 18:57:49,Chennai,31.94,75,Clouds,2,13.1,17.37,278.14,20.73
2026-06-04 18:57:50,Bangalore,21.72,90,Clouds,1,4.78,7.91,216.45,9.86
2026-06-04 18:57:51,Kolkata,30.54,76,Clouds,4,64.72,77.81,277.28,1.91
2026-06-04 18:57:52,Vijayawada,33.08,56,Clouds,2,15.45,18.29,223.87,3.9
2026-06-04 18:57:53,Pune,28.56,54,Clear,1,2.02,2.62,91.46,2.68
2026-06-04 18:57:53,Ahmedabad,32.51,56,Clouds,2,10.13,37.72,102.22,2.67
2026-06-04 18:57:54,Jaipur,26.23,57,Clouds,2,14.53,22.8,182.31,4.95
2026-06-04 19:02:55,Delhi,32.37,40,Clouds,2,21.51,37.58,338.6,14.03
2026-06-04 19:02:56,Mumbai,30.31,76,Clear,1,3.26,7.55,76.25,0.05
2026-06-04 19:02:56,Hyderabad,29.29,55,Clouds,1,3.94,5.44,164.45,8.39
2026-06-04 19:02:57,Chennai,31.94,75,Clouds,2,13.1,17.37,278.14,20.73
2026-06-04 19:02:58,Bangalore,21.68,89,Clouds,1,4.78,7.91,216.45,9.86
2026-06-04 19:02:58,Kolkata,29.86,72,Clouds,4,64.72,77.81,277.28,1.91
2026-06-04 19:02:59,Vijayawada,33.08,56,Clouds,2,15.45,18.29,223.87,3.9
2026-06-04 19:03:00,Pune,28.56,54,Clear,1,2.02,2.62,91.46,2.68
2026-06-04 19:03:00,Ahmedabad,32.23,58,Clouds,2,10.13,37.72,102.22,2.67
2026-06-04 19:03:01,Jaipur,26.23,57,Clouds,2,14.53,22.8,182.31,4.95
2026-06-04 19:08:02,Delhi,32.37,40,Clouds,2,21.51,37.58,338.6,14.03
2026-06-04 19:08:02,Mumbai,30.33,76,Clear,1,3.26,7.55,76.25,0.05
2026-06-04 19:08:03,Hyderabad,29.29,55,Clouds,1,3.94,5.44,164.45,8.39
2026-06-04 19:08:04,Chennai,31.56,75,Clouds,2,13.1,17.37,278.14,20.73
2026-06-04 19:08:04,Bangalore,21.68,89,Clouds,1,4.78,7.91,216.45,9.86
2026-06-04 19:08:05,Kolkata,29.86,72,Clouds,4,64.72,77.81,277.28,1.91
2026-06-04 19:08:05,Vijayawada,33.08,56,Clouds,2,15.45,18.29,223.87,3.9
2026-06-04 19:08:06,Pune,28.56,54,Clear,1,2.02,2.62,91.46,2.68
2026-06-04 19:08:06,Ahmedabad,32.23,58,Clouds,2,10.13,37.72,102.22,2.67
2026-06-04 19:08:07,Jaipur,26.23,57,Clouds,2,14.53,22.8,182.31,4.95
2026-06-04 19:13:08,Delhi,32.37,40,Clouds,2,21.51,37.58,338.6,14.03
2026-06-04 19:13:08,Mumbai,30.33,76,Clear,1,3.26,7.55,76.25,0.05
2026-06-04 19:13:09,Hyderabad,29.29,55,Clouds,1,3.94,5.44,164.45,8.39
2026-06-04 19:13:10,Chennai,31.56,75,Clouds,2,13.1,17.37,278.14,20.73
2026-06-04 19:13:10,Bangalore,21.68,88,Clouds,1,4.78,7.91,216.45,9.86
2026-06-04 19:13:11,Kolkata,29.86,72,Clouds,4,64.72,77.81,277.28,1.91
2026-06-04 19:13:12,Vijayawada,33.08,56,Clouds,2,15.45,18.29,223.87,3.9
2026-06-04 19:13:12,Pune,28.56,54,Clear,1,2.02,2.62,91.46,2.68
2026-06-04 19:13:13,Ahmedabad,32.23,58,Clouds,2,10.13,37.72,102.22,2.67
2026-06-04 19:13:14,Jaipur,26.23,57,Clouds,2,14.53,22.8,182.31,4.95
2026-06-04 19:18:14,Delhi,32.37,40,Clouds,2,21.51,37.58,338.6,14.03
2026-06-04 19:18:15,Mumbai,30.33,76,Clear,1,3.26,7.55,76.25,0.05
2026-06-04 19:18:16,Hyderabad,29.29,55,Clouds,1,3.94,5.44,164.45,8.39
2026-06-04 19:18:16,Chennai,31.9,75,Clouds,2,13.1,17.37,278.14,20.73
2026-06-04 19:18:17,Bangalore,21.68,88,Clouds,1,4.78,7.91,216.45,9.86
2026-06-04 19:18:17,Kolkata,29.86,72,Clouds,4,64.72,77.81,277.28,1.91
2026-06-04 19:18:18,Vijayawada,33.08,56,Clouds,2,15.45,18.29,223.87,3.9
2026-06-04 19:18:18,Pune,28.56,54,Clear,1,2.02,2.62,91.46,2.68
2026-06-04 19:18:19,Ahmedabad,32.23,58,Clouds,2,10.13,37.72,102.22,2.67
2026-06-04 19:18:19,Jaipur,26.23,57,Clouds,2,14.53,22.8,182.31,4.95
2026-06-04 19:23:20,Delhi,32.37,40,Clouds,2,21.51,37.58,338.6,14.03
2026-06-04 19:23:21,Mumbai,30.33,76,Clear,1,3.26,7.55,76.25,0.05
2026-06-04 19:23:22,Hyderabad,29.29,55,Clouds,1,3.94,5.44,164.45,8.39
2026-06-04 19:23:22,Chennai,31.9,75,Clouds,2,13.1,17.37,278.14,20.73
2026-06-04 19:23:23,Bangalore,21.68,88,Clouds,1,4.78,7.91,216.45,9.86
2026-06-04 19:23:24,Kolkata,29.86,72,Clouds,4,64.72,77.81,277.28,1.91
2026-06-04 19:23:24,Vijayawada,33.08,56,Clouds,2,15.45,18.29,223.87,3.9
2026-06-04 19:23:25,Pune,28,54,Clear,1,2.02,2.62,91.46,2.68
2026-06-04 19:23:26,Ahmedabad,32.23,58,Clouds,2,10.13,37.72,102.22,2.67
2026-06-04 19:23:27,Jaipur,26.23,57,Clouds,2,14.53,22.8,182.31,4.95
2026-06-04 19:28:27,Delhi,32.37,40,Clouds,2,21.51,37.58,338.6,14.03
2026-06-04 19:28:28,Mumbai,30.33,76,Clear,1,3.26,7.55,76.25,0.05
2026-06-04 19:28:28,Hyderabad,29.29,55,Clouds,1,3.94,5.44,164.45,8.39
2026-06-04 19:28:29,Chennai,31.9,75,Clouds,2,13.1,17.37,278.14,20.73
2026-06-04 19:28:30,Bangalore,21.68,88,Clouds,1,4.78,7.91,216.45,9.86
2026-06-04 19:28:30,Kolkata,29.86,72,Clouds,4,64.72,77.81,277.28,1.91
2026-06-04 19:28:31,Vijayawada,33.08,56,Clouds,2,15.45,18.29,223.87,3.9
2026-06-04 19:28:31,Pune,28,54,Clear,1,2.02,2.62,91.46,2.68
2026-06-04 19:28:32,Ahmedabad,32.23,58,Clouds,2,10.13,37.72,102.22,2.67
2026-06-04 19:28:32,Jaipur,26.23,57,Clouds,2,14.53,22.8,182.31,4.95
2026-06-04 19:33:33,Delhi,32.37,40,Clouds,2,22.05,38.62,325.09,11.78
2026-06-04 19:33:34,Mumbai,30.33,76,Clear,1,3.41,8.01,76.07,0.05
2026-06-04 19:33:35,Hyderabad,29.49,57,Clouds,1,3.48,5.3,163.98,8.38
2026-06-04 19:33:36,Chennai,31.9,75,Clouds,2,14.34,18.66,288.24,20.73
2026-06-04 19:33:36,Bangalore,21.68,88,Clouds,1,4.74,7.64,207.29,9.2
2026-06-04 19:33:37,Kolkata,30.33,72,Clouds,4,66.72,81.19,278.13,1.73
2026-06-04 19:33:38,Vijayawada,32.12,63,Clouds,2,12.3,14.3,198.04,3.27
2026-06-04 19:33:39,Pune,28,55,Clear,1,1.97,2.52,91.19,2.67
2026-06-04 19:33:39,Ahmedabad,32.43,56,Clear,2,10.48,39.1,99.86,2.42
2026-06-04 19:33:40,Jaipur,27.41,52,Clouds,2,14.26,20.47,175.03,4.08
2026-06-04 19:38:41,Delhi,32.37,40,Clouds,2,22.05,38.62,325.09,11.78
2026-06-04 19:38:41,Mumbai,30.32,76,Clear,1,3.41,8.01,76.07,0.05
2026-06-04 19:38:42,Hyderabad,29.49,57,Clouds,1,3.48,5.3,163.98,8.38
2026-06-04 19:38:43,Chennai,31.9,75,Clouds,2,14.34,18.66,288.24,20.73
2026-06-04 19:38:43,Bangalore,21.68,88,Clouds,1,4.74,7.64,207.29,9.2
2026-06-04 19:38:44,Kolkata,30.33,72,Clouds,4,66.72,81.19,278.13,1.73
2026-06-04 19:38:44,Vijayawada,32.12,63,Clouds,2,12.3,14.3,198.04,3.27
2026-06-04 19:38:45,Pune,28,55,Clear,1,1.97,2.52,91.19,2.67
2026-06-04 19:38:45,Ahmedabad,32.43,56,Clear,2,10.48,39.1,99.86,2.42
2026-06-04 19:38:46,Jaipur,27.41,52,Clouds,2,14.26,20.47,175.03,4.08
2026-06-04 19:43:46,Delhi,33.26,39,Clouds,2,22.05,38.62,325.09,11.78
2026-06-04 19:43:47,Mumbai,30.32,76,Clear,1,3.41,8.01,76.07,0.05
2026-06-04 19:43:48,Hyderabad,29.49,57,Clouds,1,3.48,5.3,163.98,8.38
2026-06-04 19:43:49,Chennai,31.9,75,Clouds,2,14.34,18.66,288.24,20.73
2026-06-04 19:43:49,Bangalore,21.68,88,Clouds,1,4.74,7.64,207.29,9.2
2026-06-04 19:43:50,Kolkata,30.33,72,Clouds,4,66.72,81.19,278.13,1.73
2026-06-04 19:43:51,Vijayawada,32.12,63,Clouds,2,12.3,14.3,198.04,3.27
2026-06-04 19:43:51,Pune,28.56,55,Clear,1,1.97,2.52,91.19,2.67
2026-06-04 19:43:52,Ahmedabad,32.43,56,Clear,2,10.48,39.1,99.86,2.42
2026-06-04 19:43:53,Jaipur,27.41,52,Clouds,2,14.26,20.47,175.03,4.08
